clickup_id,clickup_name,website_url,suggested_customer_name,business_category,customer_type,shopify_url,woo_commerce_api_url,magento_base_url,dan_domain_shop_host,ga4_property_id,ga4_measurement_id,google_tag_manager_id,google_search_console_property,bing_webmaster_site_url,customer_store_valuta_code,company_description,industry,sells_products_online,sells_to_businesses_only,platform_signals,enrichment_confidence,enrichment_notes,context_urls_analyzed,enrichment_status,enrichment_error,enriched_at
4cm4n1t,actec.dk,https://actec.dk,,,,,,,,,,,,,,,,,,,,,,error,Request timed out after 120000ms,2026-06-17T08:53:45.622Z
86948wpve,agromek.dk,https://agromek.dk,Agromek,b2b,Other,,,,,,,GTM-TQ84TC9,https://agromek.dk/,https://agromek.dk/,DKK,"Agromek is Northern Europe's largest agricultural trade fair and networking platform, connecting suppliers, customers, and partners in the agricultural industry.",trade fair / agricultural industry events,no,yes,gtm:GTM-TQ84TC9,high,"The website is built on Dynamicweb CMS, not a common ecommerce platform like Shopify or WooCommerce. The site functions as a B2B event and lead generation platform for agricultural industry suppliers and visitors. There is no visible online store or checkout for direct product sales, but there is a digital platform for exhibitors to showcase products and get leads. Marketing cookies are required to view some content. No Google Analytics or GTM IDs were found in the provided content.",https://agromek.dk/ | https://agromek.dk/events-og-netvaerk/events-og-webinarer | https://agromek.dk/events-og-netvaerk/overblik | https://agromek.dk/om-os/pressecenter | https://agromek.dk/messe/praktisk,ok,,2026-06-17T08:20:38.727Z
4cm4p8n,ajengros.dk,https://ajengros.dk,AJ Engros A/S,ecommerce,DanDomain,,,,ajengros.dk,,G-STRGLC77FC,GTM-NW5VCP5,https://ajengros.dk/,https://ajengros.dk/,DKK,"AJ Engros A/S is a Danish company selling a wide range of quality tools and equipment online to both private consumers and businesses, including professional craftsmen.",industrial tools and equipment ecommerce,yes,no,dandomain; ga4:G-STRGLC77FC; gtm:GTM-NW5VCP5; ua:UA-10871841-1,high,"The website uses DanDomain HostedShop platform as indicated by cookies and URL structure. It operates a full online store with product catalog, cart, and checkout. The business targets both private consumers and business customers, including those with EAN numbers. Pricing is shown including and excluding VAT. Google Analytics cookies are present but no explicit GA4 measurement ID or GTM container ID found in the source.",https://ajengros.dk/ | https://ajengros.dk/shop/ugens-spotpriser-695c1.html | https://ajengros.dk/shop/baerbar-kompressor-697c1.html | https://ajengros.dk/shop/benzin-kompressor-688c1.html | https://ajengros.dk/shop/cms-presse.html,ok,,2026-06-17T08:21:08.312Z
869b4m9bd,all-clear.dk,https://all-clear.dk,All-Clear ApS,b2b,Other,,,,,,G-6YEJQX9C1K,GTM-K29PR2FT,https://all-clear.dk/,https://all-clear.dk/,DKK,"All-Clear ApS provides professional cleaning services including window cleaning, algae treatment, tile cleaning, facade cleaning, solar panel washing, and commercial cleaning across Denmark.",cleaning services,no,no,ga4:G-6YEJQX9C1K; gtm:GTM-K29PR2FT,medium,"The website offers booking for cleaning services but does not have an online product catalog, cart, or checkout, indicating a B2B and B2C service model without ecommerce platform. Payment is handled via MobilePay links sent after service. No Google Analytics or GTM IDs were found in the provided content.",https://all-clear.dk/ | https://all-clear.dk/fliser | https://all-clear.dk/nyheder | https://all-clear.dk/fliser/fliserens | https://all-clear.dk/fliser/algebehandling,ok,,2026-06-17T08:21:27.085Z
869ax39kq,apexhealth.dk,https://apexhealth.dk,Apex Health & Aesthetics,b2b,Other,,,,,,,GTM-MB6M946N,https://apexhealth.dk/,https://apexhealth.dk/,DKK,Apex Health & Aesthetics is a Danish private health and cosmetic clinic offering advanced health services and aesthetic treatments with a focus on prevention and long-lasting results.,healthcare and aesthetics,yes,no,gtm:GTM-MB6M946N,medium,"The website offers booking for health and aesthetic treatments, detailed pricing for services, and online gift cards, indicating some ecommerce functionality but primarily service-based. No clear ecommerce platform detected from the site structure or URLs. The business model is primarily B2B/B2C hybrid with a strong focus on private health services and aesthetic treatments. No Google Analytics or GTM IDs were found in the provided content.",https://apexhealth.dk/ | https://www.apexhealth.dk/jobs | https://www.apexhealth.dk/aesthetics-priser | https://www.apexhealth.dk/health-priser | https://www.apexhealth.dk/blog,ok,,2026-06-17T08:22:04.852Z
8694taf6d,awilco.dk,https://awilco.dk,Awilco,ecommerce,Other,,https://awilco.dk/wp-json/wc/v3,,,,,GTM-PF4JHG54,https://awilco.dk/,https://awilco.dk/,DKK,"Awilco supplies green sustainable power solutions including fuel cells, energy systems, battery solutions, and power supplies primarily for professional, industrial, and off-grid applications.",industrial power solutions,yes,yes,woocommerce; gtm:GTM-PF4JHG54; ua:UA-11333925-1,high,"The website features a product catalog with categories and product pages, a login area, and shop guide pages indicating ecommerce functionality. No explicit Shopify, WooCommerce, Magento, or DanDomain platform indicators were found, suggesting a custom or other ecommerce platform. The product focus and marketing emphasize B2B and professional users, including military and industrial sectors, with no consumer retail focus. No Google Analytics or GTM IDs were detected in the provided content.",https://awilco.dk/ | https://www.awilco.dk/about-awilco/history | https://www.awilco.dk/about-awilco/vision-and-mission | https://www.awilco.dk/products/guide-to-shop | https://awilco.dk/battery-solutions,ok,,2026-06-17T08:22:24.366Z
4cm4m7j,Bachgruppen.dk,https://bachgruppen.dk,Bach Gruppen,b2b,Other,,https://bachgruppen.dk/wp-json/wc/v3,,,,,GTM-WB2QHCG,https://bachgruppen.dk/,https://bachgruppen.dk/,DKK,"Bach Gruppen is a Danish real estate company specializing in residential and commercial property leasing and management, offering a wide range of rental homes and commercial spaces primarily in Viborg and surrounding areas.",real estate,no,no,woocommerce; gtm:GTM-WB2QHCG,high,"The website is a corporate site focused on property rental listings and tenant services, not an ecommerce store. There is no visible product catalog, cart, or checkout functionality. The site uses WordPress with Elementor for content management. Google Analytics cookies (_ga, _ga_#) are present but no explicit GA4 or GTM IDs were found in the source. The site offers digital lease signing and tenant support but does not sell products online.",https://bachgruppen.dk/ | https://www.bachgruppen.dk/kontakt?jsf=jet-engine%3AMedarbejdere&tax=vaelg_afdelinger%3A52 | https://www.bachgruppen.dk/udlejning/gyldenrisvej-14-1-tv-8800-viborg | https://www.bachgruppen.dk/udlejning/gyldenrisvej-14-st-tv-8800-viborg | https://www.bachgruppen.dk/,ok,,2026-06-17T08:23:04.368Z
869d0phty,baden-jensen.dk,https://baden-jensen.dk,Baden-Jensen A/S,b2b,Other,,,,,,,GTM-596JJ4M,https://baden-jensen.dk/,https://baden-jensen.dk/,DKK,"Baden-Jensen is a total supplier of automotive paint, accessories, workshop equipment, and digital solutions, providing professional advice and services to automotive workshops and businesses.",automotive supplies and services,no,yes,gtm:GTM-596JJ4M,medium,"The website focuses on B2B services including product supply, training, digital tools, and business development networks for automotive workshops. There is no visible online store, cart, or checkout functionality. No Google Analytics or GTM IDs were found in the provided content. The company emphasizes long-term partnerships, technical expertise, and professional training.",https://baden-jensen.dk/ | https://www.baden-jensen.dk/omos/vision-og-vaerdier | https://www.baden-jensen.dk/services | https://www.baden-jensen.dk/services/traeningscenter | https://www.baden-jensen.dk/kundehistorier,ok,,2026-06-17T08:23:20.726Z
4cm4mex,Bareen.dk,https://bareen.dk,bareen,ecommerce,Shopify,https://bareen.dk,,,,,,,https://bareen.dk/,https://bareen.dk/,DKK,"bareen is a Danish brand selling essentials made from 100% organic cotton, offering clothing and accessories online.",fashion,yes,no,shopify,high,"The website uses Shopify as ecommerce platform, confirmed by multiple Shopify cookies and privacy policy references. The site has a full product catalog with prices in Danish Krone (DKK) and a shopping cart, confirming ecommerce business model. The site also uses Google Analytics cookies but no explicit GA4 measurement ID or GTM ID was found in the provided data. Marketing cookies include Klaviyo, Salesforce, Snapchat, Facebook, TikTok, and Google Ads, indicating active online marketing and retargeting efforts.",https://bareen.dk/ | https://bareen.dk/products/bareen-t-shirt-gavekort | https://bareen.dk/products/box-fit-t-shirt-men-moto-black | https://bareen.dk/products/box-fit-t-shirt-men-moto-cloudy-grey | https://bareen.dk/products/cropped-womens-tee-vintage-capsule-stone-black,ok,,2026-06-17T08:23:50.891Z
4cm4mgx,Batterystore.dk,https://batterystore.dk,BatteryStore & More ApS,ecommerce,Other,,,,,,G-KEV2N6ZB70,GTM-T27G46K,https://batterystore.dk/,https://batterystore.dk/,DKK,"BatteryStore & More ApS is a Danish company selling a wide range of batteries, chargers, electronics, lighting, and safety products online with fast delivery and professional advice.",electronics retail,yes,no,ga4:G-KEV2N6ZB70; gtm:GTM-T27G46K,high,"The website is an e-commerce store with a large product catalog and shopping cart functionality. The platform is not explicitly Shopify, WooCommerce, Magento, or DanDomain; likely a custom or other e-commerce solution. The site targets both private consumers and business customers, offering quantity discounts and a business customer section. The primary currency is Danish Krone (DKK). The site uses cookies and tracking but no visible GA4 or GTM IDs found in the provided content.",https://batterystore.dk/ | https://batterystore.dk/shop/328-gp-discovery-lygter | https://batterystore.dk/shop/622-sennheiser | https://batterystore.dk/shop/703-tyverisikret-taske | https://batterystore.dk/blog,ok,,2026-06-17T08:24:17.850Z
869a64uhp,baychristensen.dk,https://baychristensen.dk,Bay Christensen,ecommerce,Other,,https://baychristensen.dk/wp-json/wc/v3,,,,G-FER8V6D165,GTM-TZ9T9Q9,https://baychristensen.dk/,https://baychristensen.dk/,DKK,"Bay Christensen sells and services light to medium machines for contractors and landscapers, offering new and used machinery, parts, and service solutions primarily for business customers.",industrial equipment,yes,yes,woocommerce; ga4:G-FER8V6D165; gtm:GTM-TZ9T9Q9,high,"The website features a product catalog with add-to-cart functionality and pricing in DKK, indicating ecommerce capability. However, the products are heavy machinery and equipment targeted at contractors and professionals, suggesting a B2B focus. The platform is not identified as Shopify, WooCommerce, Magento, or DanDomain, so marked as Other. No Google Analytics or GTM IDs were found in the provided content.",https://baychristensen.dk/ | https://www.baychristensen.dk/vare-kategori/entreprenoer/tilbehoer/planeringsmaskiner | https://www.baychristensen.dk/nyheder | https://www.baychristensen.dk/nye-maskiner/giant | https://www.baychristensen.dk/vare/giant-hml-361-brugte-maskiner,ok,,2026-06-17T08:24:36.454Z
860q8bmeb,bentax.dk,https://bentax.dk,Bentax,ecommerce,Other,,,,,,,GTM-5N3K3LQ,https://bentax.dk/,https://bentax.dk/,DKK,"Bentax is a Danish full-service coffee partner offering professional coffee machines, fresh roasted coffee, leasing, and service solutions primarily for businesses, with an online shop for both business and private customers.",food and beverage,yes,no,gtm:GTM-5N3K3LQ,high,"The website features an online shop with product pages, cart, and checkout, indicating ecommerce functionality. The shop URLs include parameters like 'storekey=b2b' and 'storekey=b2c', showing separate business and private customer segments, so the business model is hybrid. The platform is not explicitly Shopify, WooCommerce, Magento, or DanDomain; likely a custom or other ecommerce platform. Pricing is in Danish Krone (DKK). No visible Google Analytics 4 or Google Tag Manager IDs found in the provided content. The company focuses on B2B coffee solutions but also sells to private consumers online.",https://bentax.dk/ | https://bentax.dk/bentax/p/kaffe/hele-b%C3%B8nner/costa-rica-aquiares-levadura/202100464 | https://bentax.dk/bentax/p/kaffe/hele-b%C3%B8nner/costa-rica-aquiares-aquia-espresso/202100456 | https://bentax.dk/om/karriere | https://bentax.dk/bentax/p/kaffe/hele-b%C3%B8nner/costa-rica-aquiares-jardin/202100461,ok,,2026-06-17T08:25:00.798Z
4cm4pb4,Bge.dk,https://bge.dk,Bråskovgård Efterskole,b2b,Other,,,,,,,GTM-SCRIPT,https://bge.dk/,https://bge.dk/,DKK,"Bråskovgård Efterskole is a Danish boarding school offering creative and practice-oriented education for 9th and 10th grade students, preparing them for gymnasium and vocational education.",education,no,no,gtm:GTM-SCRIPT,medium,"The website is an informational site for a Danish boarding school (efterskole) with no ecommerce functionality or online product sales. It focuses on education, student wellbeing, and school activities. No ecommerce platform or analytics IDs were detected in the provided content.",https://bge.dk/ | https://bge.dk/foraeldre/trivselsteam | https://bge.dk/book-rundvisning | https://bge.dk/undervisning | https://bge.dk/skolen/historie,ok,,2026-06-17T08:25:13.569Z
8694cd18t,bicasolutions.dk,https://bicasolutions.dk,Bica,ecommerce,WooCommerce,,https://bicasolutions.dk/wp-json/wc/v3,,,,G-Y9WZ8BC1LD,GTM-TJ27BF4R,https://bicasolutions.dk/,https://bicasolutions.dk/,DKK,"Bica develops and supplies stylish and flexible waste sorting systems for businesses and public institutions, offering products and consulting services to optimize waste management.",waste management / environmental solutions,yes,yes,woocommerce; ga4:G-Y9WZ8BC1LD; gtm:GTM-TJ27BF4R,high,"The website features a cart labeled 'Min forespørgsel' indicating a WooCommerce platform (evidenced by typical WooCommerce cookies like wc_cart_hash and wc_fragments). The business primarily targets B2B customers (companies, institutions) with waste sorting solutions and consulting, but also allows online product inquiries/orders, making it a hybrid model. Pricing is in Danish Krone (DKK). No explicit GA4 or GTM IDs were found in the provided content.",https://bicasolutions.dk/ | https://bicasolutions.dk/find-din-branche/affaldssortering-til-shoppingcenter | https://bicasolutions.dk/bliv-inspireret/inspiration/find-bica-i-pcon-planner | https://bicasolutions.dk/services/koncepter-services/bica-lease | https://bicasolutions.dk/services/koncepter-services/bica-rent-try,ok,,2026-06-17T08:25:30.320Z
4cm4mvc,bilka.dk,https://bilka.dk,Bilka,ecommerce,Other,,,,,,G-B6WCVQXG2X,GTM-K8NLS4G,https://bilka.dk/,https://bilka.dk/,DKK,"Bilka is a Danish retail chain offering a wide range of products including electronics, furniture, toys, clothing, and groceries through an online store and physical locations.",retail,yes,no,ga4:G-B6WCVQXG2X; gtm:GTM-K8NLS4G,high,"The website features a large product catalog with over 51,000 items and an online shopping cart and checkout system, confirming ecommerce functionality. The platform is not clearly identified as Shopify, WooCommerce, Magento, or DanDomain, so classified as 'Other'. The site includes age verification via MitID for certain products. No explicit Google Analytics or Google Tag Manager IDs were found in the provided content.",https://bilka.dk/ | https://www.bilka.dk/all-products/c/toej-sko?f=%28%22facets.shoeSize%22%3A%2220%22+OR+%22facets.shoeSize%22%3A%2221%22+OR+%22facets.shoeSize%22%3A%2222%22+OR+%22facets.shoeSize%22%3A%2223%22+OR+%22facets.shoeSize%22%3A%2224%22+OR+%22facets.shoeSize%22%3A%2225%22+OR+%22facets.shoeSize%22%3A%2226%22+OR+%22facets.shoeSize%22%3A%2227%22+OR+%22facets.shoeSize%22%3A%2228%22+OR+%22facets.shoeSize%22%3A%2229%22+OR+%22facets.shoeSize%22%3A%2230%22+OR+%22facets.shoeSize%22%3A%2231%22+OR+%22facets.shoeSize%22%3A%2232%22+OR+%22facets.shoeSize%22%3A%2233%22+OR+%22facets.shoeSize%22%3A%2234%22+OR+%22facets.shoeSize%22%3A%2235%22+OR+%22facets.shoeSize%22%3A%2236%22+OR+%22facets.shoeSize%22%3A%2237%22+OR+%22facets.shoeSize%22%3A%2238%22+OR+%22facets.shoeSize%22%3A%2239%22+OR+%22facets.shoeSize%22%3A%2240%22+OR+%22facets.shoeSize%22%3A%2241%22+OR+%22facets.shoeSize%22%3A%2242%22+OR+%22facets.shoeSize%22%3A%2243%22+OR+%22facets.shoeSize%22%3A%2244%22+OR+%22facets.shoeSize%22%3A%2245%22+OR+%22facets.shoeSize%22%3A%2246%22+OR+%22facets.shoeSize%22%3A%2247%22+OR+%22facets.shoeSize%22%3A%2216%2F17%22+OR+%22facets.shoeSize%22%3A%2218%2F19%22+OR+%22facets.shoeSize%22%3A%2219%2F20%22+OR+%22facets.shoeSize%22%3A%2220%2F21%22+OR+%22facets.shoeSize%22%3A%2221%2F22%22+OR+%22facets.shoeSize%22%3A%2222%2F23%22+OR+%22facets.shoeSize%22%3A%2222%2F36%22+OR+%22facets.shoeSize%22%3A%2223%2F24%22+OR+%22facets.shoeSize%22%3A%2224%2F25%22+OR+%22facets.shoeSize%22%3A%2225%2F26%22+OR+%22facets.shoeSize%22%3A%2226%2F27%22+OR+%22facets.shoeSize%22%3A%2227%2F28%22+OR+%22facets.shoeSize%22%3A%2228%2F29%22+OR+%22facets.shoeSize%22%3A%2229%2F30%22+OR+%22facets.shoeSize%22%3A%2230%2F31%22+OR+%22facets.shoeSize%22%3A%2231%2F32%22+OR+%22facets.shoeSize%22%3A%2232%2F33%22+OR+%22facets.shoeSize%22%3A%2233%2F34%22+OR+%22facets.shoeSize%22%3A%2234%2F35%22+OR+%22facets.shoeSize%22%3A%2236%2F37%22+OR+%22facets.shoeSize%22%3A%2236%2F46%22+OR+%22facets.shoeSize%22%3A%2237%2F42%22+OR+%22facets.shoeSize%22%3A%2238%2F39%22+OR+%22facets.shoeSize%22%3A%2240.5%22+OR+%22facets.shoeSize%22%3A%2240%2F41%22+OR+%22facets.shoeSize%22%3A%2241%2F42%22+OR+%22facets.shoeSize%22%3A%2242.5%22+OR+%22facets.shoeSize%22%3A%2242%2F43%22+OR+%22facets.shoeSize%22%3A%2242%2F46%22+OR+%22facets.shoeSize%22%3A%2243%2F44%22+OR+%22facets.shoeSize%22%3A%2244.5%22+OR+%22facets.shoeSize%22%3A%2244%2F45%22+OR+%22facets.shoeSize%22%3A%2245%2F46%22+OR+%22facets.shoeSize%22%3A%2246%2F47%22+OR+%22facets.shoeSize%22%3A%22L%22+OR+%22facets.shoeSize%22%3A%22M%22+OR+%22facets.shoeSize%22%3A%22Onesize%22%29&p=0&q= | https://bilka.dk/bilkaavisen | https://bilka.dk/brands/babyliss/pl/babyliss | https://bilka.dk/samsung-kampagne,ok,,2026-06-17T08:25:44.699Z
8699m85n7,Bilkatogo.dk,https://bilkatogo.dk,BilkaToGo,ecommerce,Other,,,,,,G-CDLCC9929T,GTM-NLKWTV4,https://bilkatogo.dk/,https://bilkatogo.dk/,DKK,BilkaToGo is an online grocery store owned by Salling Group offering a wide range of daily groceries with home delivery and drive-in pickup services in Denmark.,grocery retail,yes,no,ga4:G-CDLCC9929T; gtm:GTM-NLKWTV4,high,"The website offers a full online product catalog with cart and checkout functionality for groceries and related products. It is a consumer-facing ecommerce platform focused on grocery delivery and pickup. The platform is likely a custom or proprietary solution as no common ecommerce platform indicators (Shopify, WooCommerce, Magento, DanDomain) were detected. The site includes age verification for restricted products and integrates with Salling Group's customer profile system. No visible GA4 or GTM IDs were found in the page scripts.",https://bilkatogo.dk/ | https://bilkatogo.dk/offers?offer= | https://bilkatogo.dk/inspiration/opskrifter/madplaner | https://bilkatogo.dk/kategori/koed-og-fisk | https://bilkatogo.dk/leaflet,ok,,2026-06-17T08:25:58.685Z
85ztdcx9d,billigventilation.dk,https://billigventilation.dk,Billig Ventilation ApS,ecommerce,WooCommerce,,https://billigventilation.dk/wp-json/wc/v3,,,,G-JT2MTDZDSS,,https://billigventilation.dk/,https://billigventilation.dk/,DKK,"Billig Ventilation ApS is a Danish company offering a wide range of ventilation products, heat pumps, and related equipment for homes, including complete ventilation systems and tailored package solutions with installation offers.",HVAC and Home Ventilation Equipment,yes,no,woocommerce; ga4:G-JT2MTDZDSS,high,"The website features product categories, shopping cart, and checkout functionality indicating ecommerce. The platform appears to be WooCommerce based on shortcode usage and page structure. The company targets both private consumers and businesses but primarily sells products online to consumers. Multiple forms for requesting quotes and installation offers are present. No explicit Google Analytics or GTM IDs were found in the provided content.",https://billigventilation.dk/ | https://billigventilation.dk/blog | https://billigventilation.dk/diverse-produkter | https://billigventilation.dk/astma-allergi | https://billigventilation.dk/boligventilation,ok,,2026-06-17T08:28:08.098Z
4cm4p5r,birgittedamjensen.dk,https://birgittedamjensen.dk,Birgitte Dam Jensen,b2b,Other,,https://birgittedamjensen.dk/wp-json/wc/v3,,,,,GTM-5F269WG,https://birgittedamjensen.dk/,https://birgittedamjensen.dk/,DKK,"Birgitte Dam Jensen provides leadership communication training, coaching, and speaking services to help leaders improve their executive presence, storytelling, and mental resilience.",professional training and coaching,no,yes,woocommerce; gtm:GTM-5F269WG,high,"The website offers courses, talks, coaching, and consulting services primarily targeting business leaders and organizations. There is no visible ecommerce platform or online product sales; services are offered via contact and custom quotes. No Google Analytics or GTM IDs were found in the provided content.",https://birgittedamjensen.dk/ | https://birgittedamjensen.dk/en | https://birgittedamjensen.dk/foredrag/praesentation-storytelling | https://birgittedamjensen.dk/kurser/specialist-praesentation | https://birgittedamjensen.dk/kurser/storytelling,ok,,2026-06-17T08:28:25.421Z
4cm4ncx,bjergkaeden.dk,https://bjergkaeden.dk,bjergkaeden,,Other,,,,,,G-3KW7BRPZ2M,GTM-PB5QK6Z,https://bjergkaeden.dk/,https://bjergkaeden.dk/,DKK,,,,,prestashop; ga4:G-3KW7BRPZ2M; gtm:GTM-PB5QK6Z; ua:UA-1736735-1,low,,,ok,,2026-06-17T08:30:51.123Z
85zteeeya,bmw-service-koed.dk,https://bmw-service-koed.dk,KOED A/S,b2b,Other,,,,,,,GTM-MRB7FS7,https://bmw-service-koed.dk/,https://bmw-service-koed.dk/,DKK,"KOED A/S operates authorized BMW and MINI service workshops in Jylland, Denmark, providing specialized vehicle servicing, repairs, and original parts for BMW and MINI vehicles including electric models.",automotive service and repair,no,no,gtm:GTM-MRB7FS7,medium,The website offers booking for service appointments but does not have an online store or e-commerce checkout. It is primarily a B2B/B2C service provider for vehicle maintenance and repair. No clear ecommerce platform detected. No Google Analytics or GTM IDs found in the provided content.,https://bmw-service-koed.dk/ | https://www.bmw-service-koed.dk/om-koed/priser | https://www.bmw-service-koed.dk/ledige-jobs | https://bmw-service-koed.dk/vores-services | https://www.bmw-service-koed.dk/vores-services,ok,,2026-06-17T08:31:10.955Z
8694umd6j,bolig-art.dk,https://bolig-art.dk,Bolig-Art,b2b,Other,,,,,,G-VY787XZVTJ,GTM-WNTK88NC,https://bolig-art.dk/,https://bolig-art.dk/,DKK,"Bolig-Art is a Danish family-owned company specializing in custom textile and leather solutions for business customers, including curtains, cushions, and shop fittings, offering advice, measurement, production, and installation services.",textile manufacturing and interior solutions for businesses,no,yes,ga4:G-VY787XZVTJ; gtm:GTM-WNTK88NC,medium,"The website focuses on B2B custom solutions with no visible online store, cart, or checkout functionality. The site offers contact forms for quotes and consultation rather than direct ecommerce. No Google Analytics or GTM IDs were found in the page scripts. The company emphasizes Danish production quality and tailored service for business clients.",https://bolig-art.dk/ | https://bolig-art.dk/om-bolig-art | https://bolig-art.dk/vare/solafskaermning | https://bolig-art.dk/erhverv | https://bolig-art.dk/kontakt,ok,,2026-06-17T08:31:29.244Z
860qh0fk1,boxnord.dk,https://boxnord.dk,BOXNORD,ecommerce,Other,,,,,,G-PJDRG21YHD,GTM-NLTR8LS,https://boxnord.dk/,https://boxnord.dk/,DKK,"BOXNORD offers automated, flexible, and secure self-storage rental services including depot rooms, garages, and vehicle storage in Nordjylland, Denmark, with online booking and payment.",self-storage and warehousing,yes,no,ga4:G-PJDRG21YHD; gtm:GTM-NLTR8LS,high,"The website provides online booking and payment for storage units, indicating ecommerce functionality. The platform is not identified as Shopify, WooCommerce, Magento, or DanDomain; it is powered by 6Storage, a specialized self-storage software. The business targets both private and business customers but primarily offers direct online rental services to consumers. No Google Analytics or GTM IDs were found in the page scripts.",https://boxnord.dk/ | https://www.boxnord.dk/priser | https://boxnord.dk/about-us | https://www.boxnord.dk/ | https://boxnord.dk/gallery,ok,,2026-06-17T08:32:23.720Z
4cm4nqv,br.dk,https://br.dk,BR,ecommerce,Other,,,,,,G-668KMX9CX5,GTM-PLNL8RW,https://br.dk/,https://br.dk/,DKK,"BR is a Danish toy retailer offering over 14,000 products online and in stores, providing toys, games, and related children's products with services like click & collect and gift wrapping.",retail/toys,yes,no,ga4:G-668KMX9CX5; gtm:GTM-PLNL8RW,high,"The website features a full online store with cart and checkout, extensive product categories, and customer services such as 365-day returns and click & collect. The platform is not explicitly identified as Shopify, WooCommerce, Magento, or DanDomain, so classified as Other. The site is part of Salling Group and targets consumers primarily. No explicit Google Analytics or GTM IDs were found in the provided content.",https://br.dk/ | https://br.dk/tilbud-og-sjove-priser/c/tilbud-og-sjove-priser | https://br.dk/events-og-konkurrencer/events/vores-magiske-familiepas/c/vores-magiske-familiepas | https://br.dk/om-br/services/oenskelisten/c/oenskelisten | https://br.dk/nyheder,ok,,2026-06-17T08:32:38.765Z
8694djarz,brdr-simonsen.dk,https://brdr-simonsen.dk,Brdr Simonsen,ecommerce,Shopify,https://brdr-simonsen.dk,,,,,G-V4VMQV160V,GTM-W8M8DMQ,https://brdr-simonsen.dk/,https://brdr-simonsen.dk/,DKK,"Brdr Simonsen is a Danish retailer selling men's clothing online and in physical stores, offering a wide range of apparel from size S to 5XL at affordable prices.",fashion,yes,no,shopify; ga4:G-V4VMQV160V; gtm:GTM-W8M8DMQ,high,"The website is a full online store with product collections, shopping cart, and checkout. Product data includes Shopify inventory management and barcodes, confirming Shopify platform. The site targets consumers with a broad size range and multiple product categories. No explicit GA4 or GTM IDs found in the provided content.",https://brdr-simonsen.dk/ | https://brdr-simonsen.dk/collections/2-stk-300/products/jeans-skive-black-denim | https://brdr-simonsen.dk/collections/2-stk-300/products/jeans-skive-dark-blue-denim | https://brdr-simonsen.dk/collections/2-stk-300/products/jeans-skive-lt-blue-denim | https://brdr-simonsen.dk/collections/2-stk-300/products/performance-shorts-anholt-beige-melange,ok,,2026-06-17T08:32:54.071Z
8696jj4ub,capellalounge.dk,https://capellalounge.dk,Capella Lounge,ecommerce,WooCommerce,,https://capellalounge.dk/wp-json/wc/v3,,,,G-EKG4367LJ1,GTM-PQJQW25,https://capellalounge.dk/,https://capellalounge.dk/,DKK,"Capella Lounge designs, manufactures, and installs custom outdoor lounge solutions, pergolas, outdoor kitchens, saunas, carports, and furniture for private gardens and homes.",outdoor furniture and garden structures,yes,no,woocommerce; ga4:G-EKG4367LJ1; gtm:GTM-PQJQW25; ua:UA-163580213-1,high,"The website features product categories with add-to-cart links and a shopping cart page, indicating ecommerce functionality. The URL structure and add-to-cart query parameters suggest WooCommerce as the underlying platform. The site targets consumers looking for custom outdoor living solutions, not exclusively B2B. No Google Analytics 4 or Google Tag Manager IDs were found in the page scripts.",https://capellalounge.dk/ | https://www.capellalounge.dk/produkter | https://www.capellalounge.dk/vare-kategori/bioklimatisk-pergola | https://www.capellalounge.dk/vare-kategori/bioklimatisk-pergola/fritstaende-pergola | https://www.capellalounge.dk/,ok,,2026-06-17T08:33:22.010Z
8693p6461,carlhansen.com,https://carlhansen.com,Carl Hansen & Søn,ecommerce,Other,,,,,,,GTM-TDXG83B,https://carlhansen.com/,https://carlhansen.com/,DKK,"Carl Hansen & Søn is a Danish furniture manufacturer specializing in iconic Danish design furniture and lighting, selling products worldwide with a focus on craftsmanship and timeless design.",furniture design and manufacturing,yes,no,gtm:GTM-TDXG83B,high,"The website features product catalogues, product pages with 'View product' links, and a webshop contact email, indicating ecommerce functionality. The platform is not clearly identified as Shopify, WooCommerce, Magento, or DanDomain, so classified as 'Other'. The site uses cookies including Google Analytics but no explicit GA4 or GTM IDs were found in the provided content. The business targets both private consumers and professionals but primarily sells furniture products online, indicating an ecommerce model rather than pure B2B.",https://carlhansen.com/ | https://carlhansen.com/en/en/careers | https://carlhansen.com/en/en/inspiration/catalogue/product-catalogue-2025 | https://carlhansen.com/en/en/inspiration/catalogue | https://carlhansen.com/en/en/inspiration/catalogue/flagship-store-outdoor-catalogue-2026,ok,,2026-06-17T08:33:37.476Z
8693tzx67,carterstore.dk,https://carterstore.dk,CARTER,ecommerce,WooCommerce,,https://carterstore.dk/wp-json/wc/v3,,,,G-96S6HCJBVR,GTM-MNSFTTXT,https://carterstore.dk/,https://carterstore.dk/,DKK,"CARTER is an independent concept store offering a curated selection of classic, innovative, and upcoming fashion brands through an online and physical retail experience.",fashion,yes,no,woocommerce; ga4:G-96S6HCJBVR; gtm:GTM-MNSFTTXT,high,"The website features a full product catalog with categories, product pages, cart, and checkout, indicating ecommerce. The URL structure and page elements suggest WooCommerce as the platform (e.g., /shop/, /vare-kategori/, and typical WooCommerce URL patterns). Prices are in Danish Krone (DKK). No explicit Google Analytics 4 or Google Tag Manager IDs were found in the provided content.",https://carterstore.dk/ | https://carterstore.dk/shop | https://carterstore.dk/brands/optimistic-runners | https://carterstore.dk/vare/giftcard-gavekort-carterstore-carter-gave-gift-giftidea-gaveide-ide-elektroniskgavekort | https://carterstore.dk/store,ok,,2026-06-17T08:34:13.854Z
8693wehkw,chemometec.com,https://chemometec.com,ChemoMetec,b2b,Other,,https://chemometec.com/wp-json/wc/v3,,,,,GTM-NBVZWRP,https://chemometec.com/,https://chemometec.com/,DKK,"ChemoMetec is a leading manufacturer of automated cell counting and analysis equipment, providing high-precision instruments and consumables to biotech, pharma, and academic customers worldwide.","biotechnology, scientific instruments",no,yes,woocommerce; gtm:GTM-NBVZWRP,high,"The website offers detailed product information, service plans, and support for specialized cell counting instruments but does not have an online store or visible ecommerce platform. The business model is primarily B2B, targeting scientific and medical research organizations. No Google Analytics or GTM IDs were found in the page scripts.",https://chemometec.com/ | https://chemometec.com/product/service-plans/nucleocounter-nc-200-gmp-service-plan | https://chemometec.com/product/service-plans/nucleocounter-nc-202-gmp-service-plan | https://chemometec.com/whitepapers-and-ebooks | https://chemometec.com/service-plans/nc-200-service-plan,ok,,2026-06-17T08:34:45.535Z
869cbtmx9,classiccarhouse.dk,https://classiccarhouse.dk,Classic Car House,ecommerce,Other,,,https://classiccarhouse.dk,,,G-0C3K8TPB80,GTM-MZSBFHH,https://classiccarhouse.dk/,https://classiccarhouse.dk/,DKK,"Classic Car House is a Danish cultural and event venue featuring a large classic car museum, car hotel, workshop, event spaces, and an online webshop selling related products and tickets.",cultural venue and events with ecommerce,yes,no,magento; ga4:G-0C3K8TPB80; gtm:GTM-MZSBFHH,high,"The main website offers extensive information about the museum, events, car hotel, workshop, and meeting/event spaces, targeting both consumers and businesses. There is a separate webshop at https://shop.classiccarhouse.dk/ indicating ecommerce activity, but the platform is not clearly identified from the site. The business model is hybrid, combining B2C ticket and product sales with B2B event and meeting services. No Google Analytics or GTM IDs were found in the provided content.",https://classiccarhouse.dk/ | https://classiccarhouse.dk/dk/karriere | https://classiccarhouse.dk/moeder-events-konferencer | https://classiccarhouse.dk/dk/events | https://classiccarhouse.dk/dk/presse,ok,,2026-06-17T08:35:09.588Z
4cm4kv5,costercopenhagen.dk,https://costercopenhagen.dk,Coster Copenhagen,ecommerce,Shopify,https://costercopenhagen.dk,,,,,G-HYR5ECF5S7,GTM-KNRRZQZ4,https://costercopenhagen.dk/,https://costercopenhagen.dk/,DKK,"Coster Copenhagen is a Danish fashion brand offering a webshop with collections of women's clothing and accessories, combining classic elegance with modern design and sustainable materials.",fashion,yes,no,shopify; ga4:G-HYR5ECF5S7; gtm:GTM-KNRRZQZ4,high,"The website is a consumer-facing ecommerce store selling fashion apparel and accessories online. The presence of a shopping cart, product pages with add-to-cart and checkout, and multiple collections confirm ecommerce. The platform is identified as Shopify based on URL patterns and page structure typical for Shopify stores. The site supports multiple currencies (DKK, EUR, SEK) with DKK as primary for the Danish site. There is a separate B2B shop linked externally, but the main site is consumer ecommerce. No explicit GA4 or GTM IDs were found in the provided content.",https://costercopenhagen.dk/ | https://costercopenhagen.dk/products/blonde-top-shirt-blouse-moon-rock | https://costercopenhagen.dk/products/gwen-stribet-skjortekjole-kjole-blue-stripes | https://costercopenhagen.dk/products/jersey-kjole-kjole-black | https://costercopenhagen.dk/products/phoebe-lang-nederdel-skirt-sand-1,ok,,2026-06-17T08:35:20.489Z
8693812kw,denperfektefest.dk,https://denperfektefest.dk,Den Perfekte Fest,ecommerce,Shopify,https://denperfektefest.dk,,,,,G-N7TB09LQEJ,GTM-PK755KV,https://denperfektefest.dk/,https://denperfektefest.dk/,DKK,"Den Perfekte Fest is a Danish ecommerce company offering party supplies, event styling, and coordination services for celebrations such as weddings, birthdays, and baby showers.",party supplies and event planning,yes,no,shopify; ga4:G-N7TB09LQEJ; gtm:GTM-PK755KV,high,"The website features a product catalog with shopping cart and checkout functionality, indicating ecommerce. The URL structure and page elements are consistent with Shopify platform. The site targets consumers planning personal events rather than exclusively B2B. No explicit Google Analytics or GTM IDs were found in the provided content.",https://denperfektefest.dk/ | https://denperfektefest.dk/collections/ballonbuer/products/ballon-bue-hvid-200-stk | https://denperfektefest.dk/collections/ballonbuer/products/ballonbue-i-gron-gra-nude-guld | https://denperfektefest.dk/collections/ballonbuer/products/ballonbue-i-gron-salvie-nude-palmeblade | https://denperfektefest.dk/collections/ballonbuer/products/ballonbue-i-olivengron-og-hvid,ok,,2026-06-17T08:35:34.402Z
860qa49n1,designa.dk / designa.no,https://designa.dk,Designa,b2b,Other,,,,,,,GTM-NMV2Z34,https://designa.dk /,https://designa.dk /,DKK,"Designa creates and sells custom kitchen, bathroom, utility room, and wardrobe solutions with a focus on Danish design and craftsmanship.",home furnishing and interior design,no,no,gtm:GTM-NMV2Z34,medium,"The website focuses on showcasing product collections, inspiration, and booking meetings rather than direct online sales. There is no visible ecommerce cart or checkout. The site uses cookies for marketing and analytics, including Google Analytics (_ga cookie), but no explicit GA4 or GTM IDs were found in the source. The business model is primarily B2B and lead generation with physical store locations and consultation booking.",https://designa.dk/ | https://designa.dk/karriere | https://designa.dk/om-designa/presse | https://designa.dk/seneste-nyt/2026-nyheder | https://designa.dk/koekken/cases/badmintonpigerne-kamilla-christinna,ok,,2026-06-17T08:36:05.623Z
86996b5pc,din-laasesmed.dk,https://din-laasesmed.dk,Din Låsesmed A/S,b2b,Other,,,,,,,GTM-TDGLLSWC,https://din-laasesmed.dk/,https://din-laasesmed.dk/,DKK,"Din Låsesmed is a Danish locksmith company providing mechanical and electronic locking systems, security solutions, and related services primarily to businesses and institutions.",security services and locksmithing,no,yes,gtm:GTM-TDGLLSWC,medium,"The website offers detailed information about locksmith services, security products, and installation but does not have an online store or e-commerce checkout. The business model is primarily B2B and service-oriented with lead generation via contact forms. No ecommerce platform or Google Analytics/Tag Manager IDs were detected in the provided content.",https://din-laasesmed.dk/ | https://din-laasesmed.dk/iso-9001 | https://din-laasesmed.dk/artikler/lasesystemer-elektronisk | https://din-laasesmed.dk/artikler/lasesystemer-mekanisk | https://din-laasesmed.dk/artikler/vaerdiskabe,ok,,2026-06-17T08:36:16.658Z
8697j4acg,dk.dilling.com,https://dk.dilling.com,DILLING,ecommerce,Other,,,,,,,GTM-MNCRJFZ,https://dk.dilling.com/,https://dk.dilling.com/,DKK,DILLING is a Danish family business producing and selling organic wool and cotton clothing directly to consumers through their webshop.,fashion,yes,no,gtm:GTM-MNCRJFZ,high,"The website is a direct-to-consumer ecommerce store selling organic underwear and clothing made from natural materials. The presence of product categories, a webshop, and discount codes indicates ecommerce. No explicit platform like Shopify or WooCommerce is detected from the provided data, so marked as Other. No visible GA4 or GTM IDs found in the provided content.",https://dk.dilling.com/,ok,,2026-06-17T08:36:34.647Z
4cm4p86,dyrecenter.dk,https://dyrecenter.dk,Lystrup Dyrecenter,ecommerce,DanDomain,,,,dyrecenter.dk,,,GTM-MVSDB5VP,https://dyrecenter.dk/,https://dyrecenter.dk/,DKK,"Lystrup Dyrecenter is an online retailer offering pet food and accessories for various animals including fish, birds, rodents, dogs, cats, and reptiles.",pet supplies,yes,no,dandomain; gtm:GTM-MVSDB5VP,high,"The website uses DanDomain HostedShop platform as indicated by cookies and URL structure. It has a full product catalog with categories, shopping cart, and checkout, confirming ecommerce model. The currency is Danish Krone (DKK). Multiple product categories and brands are listed. Cookies indicate use of Google Analytics but no explicit GA4 or GTM IDs found in the provided data.",https://dyrecenter.dk/ | https://dyrecenter.dk/shop/10-liter-spande-fiskefoder-905c1.html | https://dyrecenter.dk/shop/akvarie-planter-levende-815c1.html | https://dyrecenter.dk/shop/akvarieplanter-422c1.html | https://dyrecenter.dk/shop/aquartic-nature-fiskefoder-915c1.html,ok,,2026-06-17T08:36:58.765Z
8692n0cr9,efterskolerne.dk,https://efterskolerne.dk,Efterskolerne,b2b,Other,,,,,,G-5X72Q6EVDZ,,https://efterskolerne.dk/,https://efterskolerne.dk/,DKK,"Efterskolerne is an association representing Danish boarding schools (efterskoler) providing information, support, and services to members and prospective students.",education,no,yes,ga4:G-5X72Q6EVDZ,medium,"The website is primarily informational and lead-generation oriented for Danish boarding schools (efterskoler). There is no visible ecommerce functionality such as product catalog, cart, or checkout. The site uses Google Analytics cookies but no explicit GA4 or GTM IDs were found in the provided content. The platform is not identified as Shopify, WooCommerce, Magento, or DanDomain. The site offers tools like a price calculator and school finder but no direct online sales.",https://efterskolerne.dk/ | https://efterskolerne.dk/for-medlemmer/ledige-jobs | https://efterskolerne.dk/om-efterskoleforeningen/nyheder/oekonomisk-stoette/pressemeddelelse-flere-unge-faar-mulighed-for-efterskole-rekordmange-legater-uddelt | https://efterskolerne.dk/om-efterskoleforeningen/nyheder/trivsel/trivselskommissionen-anbefaler-at-flere-unge-skal-paa-efterskole | https://efterskolerne.dk/om-efterskoleforeningen/presse,ok,,2026-06-17T08:37:18.233Z
4cm4p3m,elsalg.dk,https://elsalg.dk,Elsalg.dk - Eltons Butik,ecommerce,Magento,,,https://elsalg.dk,,,G-E26DNE3QCP,GTM-M3RSH25M,https://elsalg.dk/,https://elsalg.dk/,DKK,"Elsalg.dk is a Danish online retailer specializing in household appliances, personal care products, and electronics, offering a wide range of products with 4 years warranty.",consumer electronics and household appliances,yes,no,magento; ga4:G-E26DNE3QCP; gtm:GTM-M3RSH25M,high,"The website shows Magento-specific cookies such as mage-cache-sessid and mage-cache-storage-section-invalidation, indicating Magento platform. The site has a full product catalog with categories and subcategories, a shopping cart link, and checkout functionality, confirming ecommerce business model. The currency is Danish Krone (DKK) as inferred from the Danish language and local market focus. Multiple Google Analytics cookies (_ga) are present but no explicit GA4 or GTM IDs found in the provided data.",https://elsalg.dk/ | https://elsalg.dk/tilbudsavis | https://elsalg.dk/kundeservice/pressemeddelelser | https://elsalg.dk/hus-have/tojbehandling/tojsteamer | https://elsalg.dk/husholdning/kaffe/espressomaskiner,ok,,2026-06-17T08:38:18.377Z
85zt9fwuk,energinet.dk,https://energinet.dk,Energinet,b2b,Other,,,,,,,,https://energinet.dk/,https://energinet.dk/,DKK,"Energinet is a Danish state-owned company responsible for the electricity and gas transmission system, providing data and infrastructure services related to energy in Denmark.",energy infrastructure and utilities,no,yes,,medium,"The website is primarily informational and B2B focused, with no ecommerce or online store functionality detected. The site uses multiple cookies and trackers for analytics and marketing but no explicit GA4 or GTM IDs were found in the provided content. The company provides data services, grid connection information, and energy system status updates, targeting businesses and stakeholders in the energy sector.",https://energinet.dk/ | https://energinet.dk/om-nyheder/nyheder/2026/06/15/ko-til-transmissionsnettet_sadan-ser-den-ud | https://energinet.dk/karriere/ledige-job | https://energinet.dk/karriere | https://energinet.dk/om-nyheder/nyheder/2026/06/09/status-efter-1-kvartal-er-tidsplanen-for-13-projekter-fremrykket-mens-den-for-7-er-forlaenget,ok,,2026-06-17T08:38:54.983Z
4cm4pbb,Ergopartner.dk,https://ergopartner.dk,Ergopartner A/S,ecommerce,Other,,,https://ergopartner.dk,,,,GTM-WKNQR8D,https://ergopartner.dk/,https://ergopartner.dk/,DKK,"Ergopartner A/S is a Danish company specializing in ergonomic office equipment and furniture, offering products such as ergonomic chairs, mice, keyboards, and accessories primarily for workplaces.",office ergonomics and furniture,yes,yes,magento; gtm:GTM-WKNQR8D,high,"The website is a Danish-owned webshop selling ergonomic office products with a clear B2B focus (business customers see prices excl. VAT). The site includes product categories, cart, and checkout, confirming ecommerce functionality. The platform is not clearly Shopify, WooCommerce, Magento, or DanDomain; likely a custom or other ecommerce solution. No visible GA4 or GTM IDs found in the provided content. The site offers ergonomic consulting services and free trials, indicating a hybrid service and product model but primarily ecommerce with B2B targeting.",https://ergopartner.dk/ | https://ergopartner.dk/visionogmission | https://ergopartner.dk/jobs | https://www.ergopartner.dk/services | https://www.ergopartner.dk/producenter/pj-production.html,ok,,2026-06-17T08:39:13.452Z
8696z4ydn,escaperoom-riddlehouse.dk,https://escaperoom-riddlehouse.dk,RiddleHouse ApS,ecommerce,Other,,https://escaperoom-riddlehouse.dk/wp-json/wc/v3,,,,G-EQT8B3TV1Q,GTM-MZZM7VJ,https://escaperoom-riddlehouse.dk/,https://escaperoom-riddlehouse.dk/,DKK,"RiddleHouse ApS operates escape rooms and offers team-building experiences in Copenhagen, Denmark, with online booking and gift card sales.",entertainment,yes,no,woocommerce; ga4:G-EQT8B3TV1Q; gtm:GTM-MZZM7VJ,high,"The website is built on WordPress with Elementor, no clear indication of Shopify, WooCommerce, Magento, or DanDomain platform. The site offers online booking and gift card purchases, indicating ecommerce functionality. Pricing is in DKK. The business targets both consumers and corporate clients for team-building events, but primarily sells experiences online. Multiple Google cookies are present but no explicit GA4 or GTM IDs found in the source.",https://escaperoom-riddlehouse.dk/ | https://escaperoom-riddlehouse.dk/ledige-jobs | https://escaperoom-riddlehouse.dk/events-erhverv-city | https://escaperoom-riddlehouse.dk/events-erhverv-vridsloeselille | https://escaperoom-riddlehouse.dk/product/olsen-bandens-sidste-plan,ok,,2026-06-17T08:40:17.943Z
8695e0hev,europeanaircraftsales.com,https://europeanaircraftsales.com,European Aircraft Sales A/S,b2b,Other,,https://europeanaircraftsales.com/wp-json/wc/v3,,,,,GTM-5JLDMF27,https://europeanaircraftsales.com/,https://europeanaircraftsales.com/,DKK,"European Aircraft Sales is an exclusive dealer and broker of factory new and pre-owned private aircraft in Scandinavia, Finland, the Netherlands, and the Baltic states, providing full-service guidance and brokerage for aircraft sales and purchases.","aviation, aircraft sales and brokerage",no,yes,woocommerce; gtm:GTM-5JLDMF27,high,"The website lists aircraft for sale with prices and detailed listings but does not have a shopping cart or online checkout, indicating a B2B lead generation and brokerage model rather than direct ecommerce. The company acts as an exclusive dealer for Piper Aircraft and AURA AERO in Northern Europe. Pricing is shown with 'ex. VAT' and 'Call for price' indicating negotiation and brokerage rather than fixed online sales. No ecommerce platform indicators (Shopify, WooCommerce, Magento, DanDomain) were found. No Google Analytics or GTM IDs were detected in the page scripts. The site focuses on professional aircraft sales, brokerage, and related services, targeting business clients and serious buyers rather than consumers.",https://europeanaircraftsales.com/ | https://europeanaircraftsales.com/about-us | https://europeanaircraftsales.com/official-partnership-with-aura-aero-2 | https://europeanaircraftsales.com/about-us/buying-an-aircraft | https://europeanaircraftsales.com/about-us/selling-an-aircraft,ok,,2026-06-17T08:40:44.821Z
869dfp1k5,expromo.com,https://expromo.com,Expromo,b2b,Other,,https://expromo.com/wp-json/wc/v3,,,,,,https://expromo.com/,https://expromo.com/,DKK,Expromo is a European company specializing in custom LED displays and innovative LED technology solutions for professional and retail environments.,industrial equipment,no,yes,woocommerce,high,"The website showcases a product catalog of custom LED display solutions but does not have an online store, cart, or checkout functionality. The business model is primarily B2B, targeting professional clients and retail businesses with tailored LED display solutions. No ecommerce platform or Google Analytics/Tag Manager IDs were detected in the provided content.",https://expromo.com/ | https://expromo.com/products | https://expromo.com/led-solutions-retail | https://expromo.com/products/expromo-brick | https://expromo.com/products/expromo-conference,ok,,2026-06-17T08:40:58.883Z
4cm4nwa,Flowr.dk,https://flowr.dk,FLOWR,ecommerce,Other,,,https://flowr.dk,,,G-109RHRY3Q3,GTM-KSVSLHD,https://flowr.dk/,https://flowr.dk/,DKK,"FLOWR is an online flower shop offering fresh bouquets, flower bundles, and plants with delivery included, serving customers in Denmark.",floral retail / ecommerce,yes,no,magento; ga4:G-109RHRY3Q3; gtm:GTM-KSVSLHD,high,"The website features a full online store with product pages, shopping cart, and checkout, indicating a pure ecommerce business model. The platform is not clearly Shopify, WooCommerce, Magento, or DanDomain; likely a custom or other ecommerce platform. Prices are in Danish Kroner (DKK). The site emphasizes fresh flower delivery with a 5-day freshness guarantee and free delivery. No visible Google Analytics 4 or Google Tag Manager IDs found in the provided content.",https://flowr.dk/ | https://flowr.dk/bundt-5-bla-hortensia-2026 | https://flowr.dk/faerdigblandet-blomsterbundt-multifarvet-2025 | https://flowr.dk/lys-sommerbuket | https://flowr.dk/paeon-buketten-ny-2026,ok,,2026-06-17T08:41:21.133Z
8696ewfvg,fremco.dk,https://fremco.dk,Fremco A/S,ecommerce,Other,,https://fremco.dk/wp-json/wc/v3,,,,G-N7H244XNQG,GTM-WLWQ58QN,https://fremco.dk/,https://fremco.dk/,DKK,"Fremco A/S manufactures and sells fiber blowing machines and accessories, offering extended warranties and service support primarily to business customers worldwide.",industrial equipment,yes,yes,woocommerce; ga4:G-N7H244XNQG; gtm:GTM-WLWQ58QN; ua:UA-167223505-1,high,"The main website fremco.dk is a corporate site with product information, service, and support, targeting B2B customers. The webshop is hosted on a separate subdomain (shop.fremco.dk) indicating ecommerce functionality, but platform is not clearly identified from the data. The company offers fiber blowing machines and accessories with a 3-year extended warranty and service centers. The site uses Google Analytics but no explicit GA4 or GTM IDs were found in the provided content.",https://fremco.dk/ | https://fremco.dk/products | https://fremco.dk/about-fremco/our-team | https://fremco.dk/about-fremco/career | https://fremco.dk/products/3-year-warranty,ok,,2026-06-17T08:41:54.966Z
869cuwjyj,fritzhansen.com,https://fritzhansen.com,Fritz Hansen,ecommerce,Other,,,,,,,GTM-TV5X5TW,https://fritzhansen.com/,https://fritzhansen.com/,DKK,"Fritz Hansen is a Danish design company specializing in furniture, lighting, and accessories crafted in collaboration with leading designers, offering high-quality products for modern living spaces.",furniture design and manufacturing,yes,no,gtm:GTM-TV5X5TW,high,"The website features product categories, detailed product descriptions, and a webshop contact email, indicating ecommerce functionality. No explicit Shopify, WooCommerce, Magento, or DanDomain platform indicators were found, suggesting a custom or other ecommerce platform. The site targets both private consumers and professionals, but includes direct online shopping options, so it is primarily ecommerce with some B2B elements. No Google Analytics or GTM IDs were detected in the provided content.",https://fritzhansen.com/ | https://fritzhansen.com/en/categories/products/popular-series/news | https://fritzhansen.com/en/categories/products/shop-by-room-residential/dining-room | https://fritzhansen.com/en/categories/products/shop-by-room-residential/hallway | https://fritzhansen.com/en/categories/products/shop-by-room-residential/home-office,ok,,2026-06-17T08:42:33.821Z
86933bg9k,frk-himmelblaa.dk,https://frk-himmelblaa.dk,frk-himmelblaa,ecommerce,DanDomain,,,,frk-himmelblaa.dk,,G-NT23FL4NEJ,GTM-55BXW5V,https://frk-himmelblaa.dk/,https://frk-himmelblaa.dk/,DKK,,,,,dandomain; ga4:G-NT23FL4NEJ; gtm:GTM-55BXW5V,high,,,ok,,2026-06-17T08:42:40.710Z
869d0kn62,gardinlis.dk,https://gardinlis.dk,gardinlis,ecommerce,WooCommerce,,https://gardinlis.dk/wp-json/wc/v3,,,,G-N9KF72J7DE,GTM-52QD2GS,https://gardinlis.dk/,https://gardinlis.dk/,DKK,,,,,woocommerce; ga4:G-N9KF72J7DE; gtm:GTM-52QD2GS; ua:UA-22657415-1,high,,,ok,,2026-06-17T08:42:47.425Z
85ztgf86m,gelblast.dk,https://gelblast.dk,gelblast,ecommerce,Shopify,https://gelblast.dk,,,,,,GTM-5FXRCJL3,https://gelblast.dk/,https://gelblast.dk/,DKK,,,,,shopify; gtm:GTM-5FXRCJL3,high,,,ok,,2026-06-17T08:42:53.421Z
4cm4my5,genbrug-bmw.dk,https://genbrug-bmw.dk,genbrug-bmw,,Other,,,,,,G-NRQ6CF6RBL,GTM-THG58W4,https://genbrug-bmw.dk/,https://genbrug-bmw.dk/,DKK,,,,,ga4:G-NRQ6CF6RBL; gtm:GTM-THG58W4; ua:UA-113956839-39,low,,,ok,,2026-06-17T08:43:00.175Z
86937qjub,heaven4kids.dk,https://heaven4kids.dk,Heaven4kids,ecommerce,Other,,,,,,G-CQ8C4L1EVZ,GTM-P4RTDD,https://heaven4kids.dk/,https://heaven4kids.dk/,DKK,"Heaven4kids.dk is an online shop offering a wide range of children's clothing, toys, and furniture from well-known brands, serving consumers primarily in Denmark and Europe.",children's apparel and toys retail,yes,no,prestashop; ga4:G-CQ8C4L1EVZ; gtm:GTM-P4RTDD; ua:UA-21732117-1,high,"The website is a full ecommerce store with product categories, cart, and checkout. The platform is not explicitly Shopify, WooCommerce, Magento, or DanDomain; it uses PrestaShop cookies indicating a PrestaShop platform. The site targets consumers (B2C) with a broad product range in children's clothing, toys, and accessories. Currency is Danish Krone (DKK). No visible GA4 or GTM IDs found in the provided content.",https://heaven4kids.dk/ | https://www.heaven4kids.dk/maerker/cost-bart/products | https://www.heaven4kids.dk/maerker/disney-cars/products | https://www.heaven4kids.dk/maerker/disney-fashion/products | https://www.heaven4kids.dk/maerker/disney-jake-piraterna/products,ok,,2026-06-17T08:54:13.947Z
4cm4m3v,home.dk (Galten/Skovby),https://home.dk (galten,,,,,,,,,,,,,,,,,,,,,,error,No Markdown content could be extracted from https://home.dk (galten,2026-06-17T08:54:16.248Z
4cm4nqd,home.dk (Aarhus V,https://home.dk (aarhus v,,,,,,,,,,,,,,,,,,,,,,error,No Markdown content could be extracted from https://home.dk (aarhus v,2026-06-17T08:54:18.583Z
869302j52,hugo-p.dk,https://hugo-p.dk,Hugo P,ecommerce,DanDomain,,,https://hugo-p.dk,,,,GTM-KCMBTS7,https://hugo-p.dk/,https://hugo-p.dk/,DKK,"Hugo P is a Danish retailer offering a wide range of leather goods, travel articles, and bags through an online webshop and physical stores.",fashion,yes,no,magento; gtm:GTM-KCMBTS7,high,"The website is an ecommerce store selling leather goods and travel accessories with a full product catalog and shopping cart. The platform is identified as DanDomain from references in the privacy policy and newsletter provider. No explicit Google Analytics 4 or GTM IDs were found in the provided content. The site targets consumers, not exclusively B2B. The site includes Danish language content and prices in DKK.",https://hugo-p.dk/ | https://hugo-p.dk/shop?brand=62107-viska | https://hugo-p.dk/shop/603-produkter | https://hugo-p.dk/shop/604-nyheder | https://hugo-p.dk/shop/382-shopper,ok,,2026-06-17T08:54:58.266Z
8699g07ub,hwl.dk,https://hwl.dk,H.W.Larsen A/S,ecommerce,Other,,,,,,,GTM-W7ZQMT,https://hwl.dk/,https://hwl.dk/,DKK,"H.W.Larsen A/S sells professional kitchen equipment and cookware online and in physical stores, serving both private consumers and business customers.",kitchen equipment and professional cookware retail,yes,no,gtm:GTM-W7ZQMT,high,"The website features an online store with product categories, shopping cart, and checkout, indicating ecommerce. The platform is not explicitly Shopify, WooCommerce, Magento, or DanDomain; likely a custom or other platform. The site targets both private consumers and business customers (B2B), but with direct online sales to consumers, so business model is ecommerce. Currency is Danish Krone (DKK). Multiple Google Analytics cookies (_ga, _gid) are present but no explicit GA4 measurement ID or GTM container ID found in the provided data.",https://hwl.dk/ | https://hwl.dk/larsen-pris | https://hwl.dk/om-os/prisgaranti | https://www.hwl.dk/blenderejuicepressere/blender-15-ltr-med-skaerm-5-programmer | https://www.hwl.dk/blenderejuicepressere/blender-25-l-1800-w-m8803000,ok,,2026-06-17T08:55:21.773Z
4cm4p4m,Immodenmark.dk,https://immodenmark.dk,IMMO A/S,b2b,Other,,https://immodenmark.dk/wp-json/wc/v3,,,,G-99XM6NES4N,GTM-TF3GD6Z,https://immodenmark.dk/,https://immodenmark.dk/,DKK,"IMMO A/S develops and manufactures motorized mobility aids and customized solutions primarily for businesses in healthcare, industry, and service sectors, focusing on improving mobility and work environment.","industrial equipment, healthcare, mobility aids",no,yes,woocommerce; ga4:G-99XM6NES4N; gtm:GTM-TF3GD6Z,high,"The website presents detailed product information and contact forms for inquiries but does not have an online shopping cart or checkout, indicating a B2B lead generation model rather than ecommerce. No clear ecommerce platform or Google Analytics/Tag Manager IDs were detected in the provided content. The company targets businesses needing customized motorized mobility solutions and OEM partnerships.",https://immodenmark.dk/ | https://immodenmark.dk/nyheder | https://immodenmark.dk/produkter | https://immodenmark.dk/produkter/s-dozer | https://immodenmark.dk/produkter/translet,ok,,2026-06-17T08:55:42.628Z
4cm4m4c,Interglas.dk,https://interglas.dk,Interglas,ecommerce,Other,,,,interglas.dk,,G-TILSKAARET,,https://interglas.dk/,https://interglas.dk/,DKK,Interglas is a Danish company offering a wide range of quality glass products and accessories at affordable prices through an extensive online shop.,building materials and home improvement,yes,no,dandomain; ga4:G-TILSKAARET,high,"The website features a large catalog of glass products and related accessories with direct shopping functionality, indicating a full ecommerce model. The platform is not clearly Shopify, WooCommerce, Magento, or DanDomain based on the URL structure and page layout, so classified as 'Other'. No visible Google Analytics or GTM IDs found in the provided content.",https://interglas.dk/ | https://interglas.dk/shop/produkter-enkeltvis-333c1.html | https://interglas.dk/shop/produkter-enkeltvis-336c1.html | https://interglas.dk/shop/produkter-enkeltvis-339c1.html | https://interglas.dk/shop/produkter-enkeltvis-345c1.html,ok,,2026-06-17T08:55:59.981Z
4cm4mug,islandsrejser.dk,https://islandsrejser.dk,ISLANDSREJSER,b2b,Other,,https://islandsrejser.dk/wp-json/wc/v3,,,,,GTM-NK3FQLX,https://islandsrejser.dk/,https://islandsrejser.dk/,DKK,"ISLANDSREJSER is a Danish and Danish-owned travel agency specializing in trips to Iceland and the Faroe Islands, offering personalized travel planning, group tours, and activities with a focus on self-drive holidays and expert guidance.",travel and tourism,no,no,woocommerce; gtm:GTM-NK3FQLX,high,The website is a travel agency site focused on personalized travel services and group tours to Iceland and the Faroe Islands. There is no visible ecommerce platform or online product catalog with cart or checkout. The business model is primarily B2B/lead generation with personalized service rather than direct ecommerce. No Google Analytics or GTM IDs were found in the provided content.,https://islandsrejser.dk/ | https://www.islandsrejser.dk/besoege-island-hvorfor | https://www.islandsrejser.dk/firmarejser-til-island | https://www.islandsrejser.dk/island-book-god-tid | https://www.islandsrejser.dk/islands-vandfald,ok,,2026-06-17T08:56:26.219Z
8694jer0x,isokvik.dk,https://isokvik.dk,Isokvik Isolering ApS,b2b,Other,,https://isokvik.dk/wp-json/wc/v3,,,,,GTM-5CBP5TF7,https://isokvik.dk/,https://isokvik.dk/,DKK,"Isokvik Isolering ApS is a Danish company specializing in professional insulation services including cavity wall insulation, loft insulation, technical insulation, and energy consulting primarily serving homeowners on Zealand and surrounding islands.",construction / home improvement / insulation services,no,no,woocommerce; gtm:GTM-5CBP5TF7,high,The website is a service-oriented site offering insulation and energy consulting services without an online product catalog or e-commerce checkout. The business model is primarily B2B and B2C service provision rather than direct online sales. No ecommerce platform or Google Analytics/Tag Manager IDs were detected in the provided content. Contact details and service descriptions indicate a local service provider focused on insulation solutions and energy savings for residential buildings.,https://isokvik.dk/ | https://isokvik.dk/efterisolering | https://isokvik.dk/isolering-i-faxe | https://isokvik.dk/isolering-i-kobenhavn | https://isokvik.dk/isolering-i-koge,ok,,2026-06-17T08:56:39.124Z
4cm4mdt,junget.com,https://junget.com,Junget,ecommerce,Other,,,,,,G-3C0Y98K2SZ,GTM-MNBQ2H3,https://junget.com/,https://junget.com/,DKK,"Junget is Denmark's only total supplier of machines, service, tools, and grinding solutions for wood and aluminum industries, offering both online webshop and B2B services.",industrial machinery and tools,yes,yes,ga4:G-3C0Y98K2SZ; gtm:GTM-MNBQ2H3,high,"The website features a comprehensive webshop with product categories, cart, and checkout, indicating ecommerce functionality. The site targets primarily business customers (B2B), as indicated by required company name for orders and professional tools and machinery. The ecommerce platform is not one of the common platforms like Shopify or WooCommerce; likely a custom or specialized platform. No visible Google Analytics 4 or Google Tag Manager IDs found in the provided content.",https://junget.com/ | https://junget.com/da-dk/shop/snedkerimaskiner/multipressere | https://junget.com/da-dk/shop/tilbehoer/multipressere | https://junget.com/da-dk/shop/hoevlejern-og-vendeskaer/profilknive-afvisere | https://junget.com/da-dk/shop/skaftvaerktoejer/planfraesere,ok,,2026-06-17T08:57:01.675Z
2ym45dg,kalundborg-skov-park-have.dk,https://kalundborg-skov-park-have.dk,Kalundborg Skov Park Have,ecommerce,Other,,https://kalundborg-skov-park-have.dk/wp-json/wc/v3,,,,,GTM-5C657B2,https://kalundborg-skov-park-have.dk/,https://kalundborg-skov-park-have.dk/,DKK,"Kalundborg Skov Park Have is a Danish retailer specializing in garden machinery, robot lawn mowers, safety equipment, and related accessories, offering online sales and leasing options.",garden machinery and outdoor equipment retail,yes,no,woocommerce; gtm:GTM-5C657B2,high,"The website features a product catalog with categories, a shopping cart, and checkout functionality indicating ecommerce. The platform is not clearly Shopify, WooCommerce, Magento, or DanDomain; likely a custom or other ecommerce platform. The site targets consumers and possibly small businesses but primarily retail customers. No visible Google Analytics 4 or Google Tag Manager IDs found in the page source.",https://kalundborg-skov-park-have.dk/ | https://www.kalundborg-skov-park-have.dk/autoriseret-service | https://www.kalundborg-skov-park-have.dk/beskaering-af-klematis | https://www.kalundborg-skov-park-have.dk/prismatch | https://www.kalundborg-skov-park-have.dk/ofte-stillede-spoergsmaal/prismatch,ok,,2026-06-17T08:57:21.852Z
4cm4p8e,Kgh.dk,https://kgh.dk,K.G. Hansen & Sønner a/s,b2b,Other,,,,,,,GTM-57D6L6C,https://kgh.dk/,https://kgh.dk/,DKK,K.G. Hansen & Sønner a/s is a Danish construction company specializing in total and main contracting for building projects across various sectors in Denmark.,construction,no,yes,gtm:GTM-57D6L6C,medium,"The website is a corporate site focused on construction project references, company information, career opportunities, and contact details. There is no indication of an ecommerce platform or online product sales. The site serves primarily B2B clients and partners. No Google Analytics or Google Tag Manager IDs were found in the provided content.",https://kgh.dk/ | https://www.kgh.dk/karriere | https://www.kgh.dk/wp-content/uploads/2026/04/BilagHandlingsplan-Bilag-1-handlingsplan.pdf-K.G.-HANSEN-SOeNNER-AS-energisyn-klimasyn-2026-04-07-1.pdf | https://www.kgh.dk/lkr-innovation-house-finalist-til-aarets-lavemissions-traebyggeri-2025 | https://www.kgh.dk/kreditorfaktura,ok,,2026-06-17T08:57:35.928Z
860qdc7wb,kikkertland.dk,https://kikkertland.dk,Kikkertland,ecommerce,Other,,,,,,,GTM-KFPK63T,https://kikkertland.dk/,https://kikkertland.dk/,DKK,"Kikkertland is a Danish retailer specializing in a wide range of binoculars, telescopes, microscopes, and related optical and outdoor equipment, offering products from over 50 brands with professional guidance and fast delivery.",outdoor equipment and optics retail,yes,no,gtm:GTM-KFPK63T,high,"The website is a Danish ecommerce store selling binoculars, telescopes, microscopes, and outdoor gear. It has a product catalog with categories, product pages, and a shopping cart/checkout flow, indicating ecommerce. The platform is not clearly Shopify, WooCommerce, Magento, or DanDomain; likely a custom or other platform. The site targets consumers, not exclusively B2B. No visible Google Analytics 4 or GTM IDs found in the provided content. The site emphasizes expert advice, fast delivery, and a broad product range in optics and outdoor equipment.",https://kikkertland.dk/ | https://www.kikkertland.dk/prismatch | https://kikkertland.dk/prismatch | https://kikkertland.dk/kikkerter/139-diagonaler-og-prismer | https://kikkertland.dk/kikkerter/143-planetfilter,ok,,2026-06-17T08:58:04.850Z
4cm4ng5,koedbmw.com,https://koedbmw.com,KOED BMW,ecommerce,Other,,,,,,G-0XJXJXJXJX,GTM-5K7X9X9,https://koedbmw.com/,https://koedbmw.com/,DKK,"KOED BMW is a Scandinavian leading supplier of BMW parts, offering over 170,000 products including new and recycled spare parts, accessories, and tools, with expertise and fast delivery since 1993.",automotive spare parts,yes,no,ga4:G-0XJXJXJXJX; gtm:GTM-5K7X9X9,high,"The website features a product catalog with a shopping basket and checkout functionality, indicating ecommerce. The platform is not explicitly Shopify, WooCommerce, Magento, or DanDomain, so classified as Other. The site targets both consumers and businesses but primarily sells online to consumers. Google Analytics (_ga cookies) and Google Tag Manager (GTM-5K7X9X9) are present in scripts. The site supports multiple languages and currencies (DKK). The presence of B2B account application and ERP system info suggests some B2B features but the main model is ecommerce.",https://koedbmw.com/ | https://koedbmw.com/en-dk/catalog | https://koedbmw.com/en-dk/page/press | https://koedbmw.com/no-no/page/turbo-issues | https://koedbmw.com/en-dk/catalog/recycled/bmw,ok,,2026-06-17T08:58:30.780Z
4cm4nbv,kukuk.dk,https://kukuk.dk,Kukuk.dk,ecommerce,Other,,,,,,G-PRVCX3G5BT,GTM-WCC7NFH,https://kukuk.dk/,https://kukuk.dk/,DKK,"Kukuk.dk is a Danish webshop specializing in selling yarn, creative and hobby supplies online with a wide range of products and fast delivery.",crafts and hobby supplies,yes,no,ga4:G-PRVCX3G5BT; gtm:GTM-WCC7NFH,high,"The website is a Danish ecommerce store selling yarn and related crafting supplies. It has a product catalog, shopping cart, and checkout, confirming ecommerce business model. The platform is not explicitly identified as Shopify, WooCommerce, Magento, or DanDomain, so marked as Other. Pricing is in Danish Krone (DKK). Multiple cookies and marketing tags are present but no explicit GA4 or GTM IDs found in the provided data. The site offers inspiration, free patterns, and targets consumers rather than B2B only. Contact info and CVR number indicate a registered Danish company.",https://kukuk.dk/ | https://kukuk.dk/er-du-blogger | https://kukuk.dk/prisgaranti | https://kukuk.dk/hakkenaale-tunesiske-haeklenaale | https://kukuk.dk/islandsk-garn,ok,,2026-06-17T08:59:03.444Z
4cm4p6j,ladelundefterskole.dk,https://ladelundefterskole.dk,Ladelund Efterskole,b2b,Other,,,,,,,GTM-K4DZJQ2,https://ladelundefterskole.dk/,https://ladelundefterskole.dk/,DKK,"Ladelund Efterskole is a Danish boarding school offering broad educational programs with a focus on development, responsibility, and community.",education,no,no,gtm:GTM-K4DZJQ2; ua:UA-40580000-1,medium,"The website is an informational site for a Danish boarding school (efterskole) with no ecommerce functionality or online product sales. It provides information about the school, courses, events, and enrollment procedures. No shopping cart, checkout, or ecommerce platform detected. No Google Analytics or GTM IDs found in the provided content.",https://ladelundefterskole.dk/ | https://ladelundefterskole.dk/blog | https://ladelundefterskole.dk/hverdagen/store-begivenheder | https://ladelundefterskole.dk/om-skolen/skolens-historie | https://ladelundefterskole.dk/undervisning/it-i-undervisningen-2,ok,,2026-06-17T08:59:16.447Z
4cm4mqr,lasselarsenhuse.dk,https://lasselarsenhuse.dk,Lasse Larsen Huse,b2b,Other,,https://lasselarsenhuse.dk/wp-json/wc/v3,,,,,GTM-NTK4TJ2,https://lasselarsenhuse.dk/,https://lasselarsenhuse.dk/,DKK,Lasse Larsen Huse is a Danish building company specializing in designing and constructing quality custom and type houses with over 50 years of experience.,construction and home building,no,yes,woocommerce; gtm:GTM-NTK4TJ2,high,"The website is primarily a B2B lead generation and informational site for a building company. There is no visible ecommerce functionality such as product catalog, cart, or checkout. The site offers contact forms for consultations and catalog requests. No ecommerce platform detected. Google Analytics cookies (_ga) are present but no explicit GA4 or GTM IDs found in the source. The company operates in Denmark with offices in Kolding and Aarhus, targeting customers interested in building custom homes.",https://lasselarsenhuse.dk/ | https://lasselarsenhuse.dk/byggeblog | https://lasselarsenhuse.dk/typehus/plantegninger | https://lasselarsenhuse.dk/hustyper/flerplanhuse | https://lasselarsenhuse.dk/hustyper/funkishuse,ok,,2026-06-17T08:59:29.356Z
85zt2mdw9,LRP.dk,https://lrp.dk,LRP Advokater,b2b,Other,,,,,,,GTM-TPSXSTH,https://lrp.dk/,https://lrp.dk/,DKK,"LRP Advokater is a large Danish law firm based in Horsens and Skanderborg, providing comprehensive legal services to businesses and private clients across Denmark.",legal services,no,yes,gtm:GTM-TPSXSTH; ua:UA-123163418-26,medium,"The website is a professional law firm site focused on legal advisory and services, with no ecommerce or online product sales. It targets business and private clients primarily through lead generation and informational content. No ecommerce platform or shopping cart functionality detected. No Google Analytics or GTM IDs found in the provided content.",https://lrp.dk/ | https://lrp.dk/karriere | https://lrp.dk/nyheder/christian-anker-hansen | https://lrp.dk/nyheder/en-lille-aendring-med-store-konsekvenser | https://lrp.dk/nyheder/er-din-virksomhed-blandt-dem-der-skal-have-en-whistleblowerordning-i-2021,ok,,2026-06-17T08:59:51.995Z
8695ncd74,lykkebo.dk,https://lykkebo.dk,LYKKEBO A/S,b2b,Other,,https://lykkebo.dk/wp-json/wc/v3,,,,G-V4HWCS9JGZ,GTM-MDZZPMG9,https://lykkebo.dk/,https://lykkebo.dk/,DKK,"LYKKEBO A/S is a property management company offering rental apartments and commercial leases in Aalborg, Denmark.",real estate,no,yes,woocommerce; ga4:G-V4HWCS9JGZ; gtm:GTM-MDZZPMG9,high,"The website is focused on leasing apartments and commercial properties, with no online store or e-commerce functionality detected. The site includes detailed listings of available rental units and commercial spaces, contact forms for inquiries, and information about the company and services. No shopping cart or checkout process is present. No Google Analytics or Google Tag Manager IDs were found in the provided content.",https://lykkebo.dk/ | https://lykkebo.dk/christiansgade-8-2-th-871 | https://lykkebo.dk/restaurantlokale-til-leje | https://lykkebo.dk/prinsensgade-35-3-mf-855 | https://lykkebo.dk/prinsensgade-37-2-tv-861,ok,,2026-06-17T09:00:17.828Z
4cm4mrr,lysmesteren.dk,https://lysmesteren.dk,Lysmesteren.dk,ecommerce,Magento,,,https://lysmesteren.dk,,,G-S9J4VFG81L,GTM-NCWMDLF,https://lysmesteren.dk/,https://lysmesteren.dk/,DKK,"Lysmesteren.dk is Denmark's largest chain of lamp and lighting stores, selling designer lamps both online via webshop and in physical stores, with over 30 years of experience.",home lighting and decor,yes,no,magento; ga4:G-S9J4VFG81L; gtm:GTM-NCWMDLF,high,"The website has a product catalog with shopping cart and checkout functionality, indicating ecommerce. The presence of cookies named mage-cache-sessid, mage-cache-storage-section-invalidation, and form_key strongly suggest Magento platform. The site targets consumers with online sales and physical stores. Multiple cookies from Google Analytics and marketing platforms are present, but no explicit GA4 or GTM IDs found in the provided data.",https://lysmesteren.dk/ | https://lysmesteren.dk/alle-produkter | https://lysmesteren.dk/bordlamper-louis-poulsen | https://lysmesteren.dk/gulvlamper-louis-poulsen | https://lysmesteren.dk/louis-poulsen,ok,,2026-06-17T09:00:55.725Z
4cm4pan,magicalweddings.eu,https://magicalweddings.eu,MAGICAL WEDDINGS,b2b,Other,,https://magicalweddings.eu/wp-json/wc/v3,,,,G-C5KRD2X5Y7,GTM-NW97SCJ,https://magicalweddings.eu/,https://magicalweddings.eu/,EUR,"MAGICAL WEDDINGS arranges and plans civil and symbolic weddings in Denmark, handling all paperwork and providing personal support for couples getting married, including additional wedding services.",wedding services / event planning,no,no,woocommerce; ga4:G-C5KRD2X5Y7; gtm:GTM-NW97SCJ,high,"The website offers wedding planning and coordination services including legal paperwork handling, ceremony attendance, and additional wedding services like bouquet, photographer, and transport. There is no online product catalog, cart, or checkout, indicating no ecommerce platform. Payments are handled via bank transfer and Wise.com. The business model is primarily B2B/B2C service provision rather than ecommerce. No Google Analytics or GTM IDs were found in the page scripts.",https://magicalweddings.eu/ | https://magicalweddings.eu/de | https://magicalweddings.eu/contact | https://magicalweddings.eu/town-hall-wedding | https://magicalweddings.eu/civil-church-wedding,ok,,2026-06-17T09:01:13.482Z
8696g7u2e,miltonhuse.dk,https://miltonhuse.dk,Milton Huse,b2b,Other,,,,,,,GTM-5793DQ,https://miltonhuse.dk/,https://miltonhuse.dk/,DKK,"Milton Huse is a Danish company specializing in custom-built type houses and new construction projects across Denmark, offering personalized building advisory services and support throughout the home building process.",construction and real estate,no,yes,gtm:GTM-5793DQ,medium,"The website focuses on lead generation and customer engagement for new home building services rather than direct ecommerce sales. There is no visible online store, cart, or checkout functionality. The site offers downloadable guides, booking meetings, and contact forms to generate leads. No clear ecommerce platform or Google Analytics/Tag Manager IDs were found in the provided content.",https://miltonhuse.dk/ | https://miltonhuse.dk/karriere | https://miltonhuse.dk/blog/tips-og-tricks-til-en-plantegning-der-fungerer | https://miltonhuse.dk/moed-dit-team | https://miltonhuse.dk/blog,ok,,2026-06-17T09:01:25.969Z
4cm4nd4,multitek.dk,https://multitek.dk,Multi-Tek,b2b,Other,,https://multitek.dk/wp-json/wc/v3,,,,G-CGXB7CEMQT,GTM-5JQRCGX,https://multitek.dk/,https://multitek.dk/,DKK,"Multi-Tek develops and produces customized steel doors, gates, and glass partitions for fire and burglary protection, serving construction and industrial sectors since 1988.",industrial manufacturing - steel doors and security solutions,no,yes,woocommerce; ga4:G-CGXB7CEMQT; gtm:GTM-5JQRCGX; ua:UA-26449608-2,high,"The website offers detailed product information and a price calculation form but does not have an online store or direct ecommerce checkout. Orders are handled via inquiry forms and direct contact, indicating a B2B lead generation and sales model. No clear ecommerce platform or GA4/GTM IDs were detected in the page scripts.",https://multitek.dk/ | https://www.multitek.dk/produkter/isolerede-staaldoere | https://www.multitek.dk/beregn-pris-standard-staaldoere | https://www.multitek.dk/produkter | https://www.multitek.dk/produkter/branddoere,ok,,2026-06-17T09:01:48.390Z
4cm4nu8,mygarage.dk,https://mygarage.dk,MY GARAGE,b2b,Other,,,,,,,GTM-N2TW5BN,https://mygarage.dk/,https://mygarage.dk/,DKK,"MY GARAGE is a Danish company specializing in services related to special and luxury cars, including storage, sales, events, and partnerships, primarily targeting business clients and enthusiasts rather than direct online consumers.",automotive,no,yes,gtm:GTM-N2TW5BN,medium,"The website does not show an online product catalog, cart, or checkout functionality, indicating no direct ecommerce sales. The site focuses on lead generation, event hosting, and service offerings for luxury and special cars. No Google Analytics or Google Tag Manager IDs were found in the page scripts. The business model is primarily B2B and service-oriented rather than ecommerce.",https://mygarage.dk/,ok,,2026-06-17T09:02:09.765Z
869d3yr0m,nordichifi.com,https://nordichifi.com,nordichifi,ecommerce,Shopify,https://nordichifi.com,,,,,,GTM-K3GDSP8,https://nordichifi.com/,https://nordichifi.com/,DKK,,,no,no,shopify; gtm:GTM-K3GDSP8,high,"Website did not load, so no data could be extracted.",https://nordichifi.com/,ok,,2026-06-17T09:02:19.263Z
4cm4nay,nordiskperlite.dk,https://nordiskperlite.dk,Nordisk Perlite,b2b,Other,,https://nordiskperlite.dk/wp-json/wc/v3,,,,G-N643D4LJ5F,GTM-M8CXNV9,https://nordiskperlite.dk/,https://nordiskperlite.dk/,DKK,"Nordisk Perlite produces and supplies high-quality perlite-based industrial materials and solutions for filtration, insulation, soil improvement, and other industrial applications with over 45 years of expertise.",industrial materials and chemicals,no,yes,woocommerce; ga4:G-N643D4LJ5F; gtm:GTM-M8CXNV9,high,"The website is a B2B industrial supplier site focused on perlite products for various industrial uses. There is no visible ecommerce platform or online store functionality such as cart or checkout. The site emphasizes lead generation and contact for tailored solutions. No Google Analytics or GTM IDs were found in the provided content. The primary currency is not explicitly stated, but the company is Danish and likely uses DKK for transactions if any.",https://nordiskperlite.dk/ | https://nordiskperlite.dk/blog | https://nordiskperlite.dk/funktionelle-fyldstoffer | https://nordiskperlite.dk/strategiske-partneraftaler | https://nordiskperlite.dk/bygningsisolering,ok,,2026-06-17T09:02:45.709Z
4cm4p9x,Oese.dk,https://oese.dk,Øse Efterskole,b2b,Other,,https://oese.dk/wp-json/wc/v3,,,,,GTM-5QQ4QWM,https://oese.dk/,https://oese.dk/,DKK,"Øse Efterskole is a creative and innovative Danish boarding school for 9th and 10th grade students, combining academic education with creative subjects in a close-knit community.",education,no,no,woocommerce; gtm:GTM-5QQ4QWM; ua:UA-47120729-1,high,"The website is an informational site for a Danish boarding school (efterskole) offering education and creative programs. There is no ecommerce functionality such as product catalog, cart, or checkout. The site includes forms for booking visits and student enrollment but no online sales. No Google Analytics or GTM IDs were found in the provided content.",https://oese.dk/ | https://oese.dk/boglig/indholds-og-aarsplaner | https://oese.dk/besoeg-skolen | https://oese.dk/boglig | https://oese.dk/bliv-elev,ok,,2026-06-17T09:03:01.459Z
869dgw0pf,olafi.dk,https://olafi.dk,Olafi Solar ApS,b2b,Other,,,,,,G-6ZWKGEBDW1,GTM-P2WJTPQ2,https://olafi.dk/,https://olafi.dk/,DKK,"Olafi Solar ApS provides solar energy solutions including solar panels and inverters primarily for businesses, managing the entire process from needs analysis to installation and financing.",renewable energy / solar energy solutions,no,yes,ga4:G-6ZWKGEBDW1; gtm:GTM-P2WJTPQ2,medium,"The website focuses on B2B solar energy solutions for commercial clients, offering project management, installation, and financing options. There is no visible ecommerce platform or online store functionality such as cart or checkout. The site does not show Google Analytics or GTM IDs in the provided content. The company emphasizes turnkey solar projects for businesses with leasing and financing options, indicating a service and project-based B2B model rather than direct online sales.",https://olafi.dk/ | https://olafi.dk/nyheder | https://olafi.dk/produkter | https://olafi.dk/nyheder/bygningssolceller-et-et-vigtigt-redskab-i-den-groenne-omstilling | https://olafi.dk/nyheder/nyt-lovforslag-aabner-op-for-finansiering-af-solceller-via-leasing,ok,,2026-06-17T09:03:14.756Z
8694mqfbn,olavdelinde.dk,https://olavdelinde.dk,Ejendomsselskabet Olav de Linde,b2b,Other,,,,,,,GTM-TH68VXW,https://olavdelinde.dk/,https://olavdelinde.dk/,DKK,"Ejendomsselskabet Olav de Linde develops and manages commercial and residential properties in Aarhus, Odense, and Copenhagen, focusing on quality, transformation, and long-term ownership.",real estate / property management,no,yes,gtm:GTM-TH68VXW,medium,"The website is a corporate site for a real estate company specializing in leasing commercial and residential properties. There is no online store or ecommerce functionality detected. The site provides listings of available leases but does not offer direct online booking or purchase. No ecommerce platform or shopping cart is present. No Google Analytics or Google Tag Manager IDs were found in the page scripts. The business model is primarily B2B, targeting companies and organizations seeking office, retail, or industrial leases.",https://olavdelinde.dk/ | https://olavdelinde.dk/elektronisk-fakturering | https://olavdelinde.dk/whistleblowerordning | https://olavdelinde.dk/artikler/bog-fortaeller-historien-om-ejendomsselskabet-olav-de-linde | https://olavdelinde.dk/artikler/compass-group-etablerer-personalerestaurant-i-mindet,ok,,2026-06-17T09:03:35.932Z
8694ctu5k,onjtractors.com,https://onjtractors.com,ONJ Tractors,ecommerce,Other,,https://onjtractors.com/wp-json/wc/v3,,,,,GTM-T8Q7WPR,https://onjtractors.com/,https://onjtractors.com/,DKK,"ONJ Tractors is a Danish family-owned company offering a wide selection of agricultural machinery and equipment for sale, including tractors, mini loaders, wood chippers, and related accessories, with direct import and leasing options.",agricultural machinery and equipment ecommerce,yes,no,woocommerce; gtm:GTM-T8Q7WPR; ua:UA-2129332-2,high,"The website features a product catalog with categories, product pages with prices and add-to-cart options, a shopping cart and checkout pages, indicating a full ecommerce setup. The platform is not explicitly identified as Shopify, WooCommerce, Magento, or DanDomain; it appears to be a custom or other ecommerce platform. The site targets both private consumers and business customers, with separate terms for B2B and B2C. Pricing is shown in Danish Kroner (DKK). No Google Analytics 4 or Google Tag Manager IDs were found in the provided content.",https://onjtractors.com/ | https://www.onjtractors.com/job-man-minilaesser | https://www.onjtractors.com/kategori/flishugger | https://www.onjtractors.com/kategori/flishugger-udstyr | https://www.onjtractors.com/vare/flishugger/benett-bx-72rs,ok,,2026-06-17T09:03:55.313Z
4cm4p06,petrowsky.dk,https://petrowsky.dk,Petrowsky Gruppen,b2b,Other,,,,,,,GTM-W93WL9P,https://petrowsky.dk/,https://petrowsky.dk/,DKK,"Petrowsky Gruppen is a specialized Danish installations company focusing on complex technical installations related to water, air, and energy, serving primarily business and public sector clients.",industrial services / technical installations,no,yes,gtm:GTM-W93WL9P,medium,"The website is a corporate B2B site focused on lead generation and recruitment rather than ecommerce. There is no visible product catalog, cart, or checkout functionality. The site promotes services, projects, and career opportunities. No ecommerce platform or Google Analytics/Tag Manager IDs were detected in the provided content.",https://petrowsky.dk/ | http://petrowsky.dk/job-og-karriere | https://petrowsky.dk/job-og-karriere | https://petrowsky.dk/job-og-karriere/efteruddannelse | https://petrowsky.dk/job-og-karriere/elever,ok,,2026-06-17T09:04:11.724Z
869a84xwn,philipsonwine.com,https://philipsonwine.com,Philipson Wine,ecommerce,Other,,,,,,G-8E8LK0WB79,GTM-KQGDJ6D,https://philipsonwine.com/,https://philipsonwine.com/,DKK,Philipson Wine is Denmark's largest online wine retailer offering a wide selection of quality wines and spirits with expert curation and direct sourcing from producers.,wine and spirits ecommerce,yes,no,ga4:G-8E8LK0WB79; gtm:GTM-KQGDJ6D,high,"The website features a full online store with product categories, cart, and checkout functionality, indicating a pure ecommerce business model. The platform is not identified as Shopify, WooCommerce, Magento, or DanDomain HostedShop, suggesting a custom or other ecommerce solution. The site targets consumers primarily, with a B2B section available but not the main focus. Currency is Danish Krone (DKK). No visible Google Analytics 4 or Google Tag Manager IDs found in the provided content.",https://philipsonwine.com/ | https://philipsonwine.com/alle-tilbud/tilbudsavis | https://philipsonwine.com/vinblog/den-store-roseguide | https://philipsonwine.com/saerpris | https://philipsonwine.com/vinblog,ok,,2026-06-17T09:04:30.206Z
4cm4n7a,pilebyg.dk,https://pilebyg.dk,PileByg A/S,ecommerce,Other,,https://pilebyg.dk/wp-json/wc/v3,,,,G-VGZLB3LL4M,GTM-TCVM3K7,https://pilebyg.dk/,https://pilebyg.dk/,DKK,"PileByg A/S is a Danish company specializing in sustainable willow-based products such as noise barriers, fences, facades, and interior design elements, serving both private consumers and institutional clients internationally.",sustainable building materials and design,yes,no,woocommerce; ga4:G-VGZLB3LL4M; gtm:GTM-TCVM3K7; ua:UA-145419182-1,high,"The website includes a webshop with product listings, cart, and checkout, indicating ecommerce functionality. The platform is not clearly Shopify, WooCommerce, Magento, or DanDomain, so classified as Other. The company targets both B2B (infrastructure, municipalities) and B2C (private customers) markets, thus hybrid business model. Currency is Danish Krone (DKK). No explicit GA4 or GTM IDs found in the page scripts.",https://pilebyg.dk/ | https://pilebyg.dk/kystbeskyttelse-med-pilebundter-kan-stabilisere-kystlinien-mod-erosion | https://pilebyg.dk/nyheder | https://pilebyg.dk/shop | https://pilebyg.dk/download-center,ok,,2026-06-17T09:05:42.398Z
8693fzpnh,Playstation og Elgiganten Gaming,https://playstation og elgiganten gaming,,,,,,,,,,,,,,,,,,,,,,error,No Markdown content could be extracted from https://playstation og elgiganten gaming,2026-06-17T09:05:44.834Z
860qcj6k6,poulstigbriller.dk,https://poulstigbriller.dk,Poul Stig Briller,ecommerce,Other,,https://poulstigbriller.dk/wp-json/wc/v3,,,,G-999KET7G8S,GTM-W2VDRZ8,https://poulstigbriller.dk/,https://poulstigbriller.dk/,DKK,"Poul Stig Briller is an international optician based in Copenhagen offering a curated selection of eyewear including their own collections and premium brands, with both physical stores and an online webshop.",optical retail,yes,no,woocommerce; ga4:G-999KET7G8S; gtm:GTM-W2VDRZ8,high,"The website offers an online webshop with product categories like glasses, sunglasses, contact lenses, and accessories, indicating ecommerce functionality. Payment options include Dankort, Visa, MasterCard, and MobilePay. The site also provides booking for eye tests and information about physical stores, showing a hybrid business model. No explicit ecommerce platform like Shopify or WooCommerce was detected; likely a custom or other platform. No Google Analytics or GTM IDs were found in the provided content.",https://poulstigbriller.dk/ | https://poulstigbriller.dk/priser | https://poulstigbriller.dk/job | https://poulstigbriller.dk/webshop | https://poulstigbriller.dk/viden-om-synsfejl/diabetisk-oejensygdom-retinopati,ok,,2026-06-17T09:06:10.217Z
869ahnxg5,profilsport.dk,https://profilsport.dk,Profilsport,ecommerce,Other,,,,,,,GTM-M36ZRFR,https://profilsport.dk/,https://profilsport.dk/,DKK,"Profilsport offers firmatøj (corporate clothing) and reklameartikler (promotional items) with logo customization, serving businesses with branded merchandise and workwear.",corporate merchandise and promotional products,yes,yes,gtm:GTM-M36ZRFR,high,"The website features a broad product catalog with categories and subcategories, a shopping cart, and checkout functionality indicating ecommerce. The product range and messaging focus on business customers needing corporate clothing and promotional items, indicating a B2B ecommerce model. The platform is not clearly identified as Shopify, WooCommerce, Magento, or DanDomain; likely a custom or other ecommerce solution. Multiple Google Analytics cookies are present but no explicit GA4 measurement ID or GTM ID found in the provided data.",https://profilsport.dk/ | https://profilsport.dk/produkter/fodtoej/gummistoevler | https://profilsport.dk/produkter/hovedbeklaedning/halsedisser | https://profilsport.dk/produkter/reklameartikler/antistress | https://profilsport.dk/produkter/reklameartikler/klistermaerker,ok,,2026-06-17T09:06:54.426Z
8697qaymu,pwt-group.com,https://pwt-group.com,PWT Group A/S,ecommerce,WooCommerce,,https://pwt-group.com/wp-json/wc/v3,,,,,,https://pwt-group.com/,https://pwt-group.com/,DKK,"PWT Group is a leading Nordic brand house specializing in menswear, operating in B2B, B2C, and D2C markets, providing quality menswear products through a portfolio of strong brands and working with large online and offline retailers across borders.",fashion,no,no,woocommerce,high,"The website is primarily a corporate site with no visible online store or checkout functionality. The company operates multiple menswear brands and retail chains with physical stores and wholesale partnerships. The business model includes B2B (retailers), B2C, and D2C, but no direct ecommerce platform is detected on this site. No Google Analytics or GTM IDs were found in the page scripts. The site focuses on brand information, career opportunities, CSR, and news.",https://pwt-group.com/ | https://pwt-group.com/jobcareer | https://pwt-group.com/about | https://pwt-group.com/csr-approach/partnerships | https://pwt-group.com/news,ok,,2026-06-17T09:07:08.093Z
860qk4gcp,ruebirch.dk,https://ruebirch.dk,Rue Birch,ecommerce,Shopify,https://ruebirch.dk,,,,,G-VZZMWH9Y68,GTM-5TKRBF7,https://ruebirch.dk/,https://ruebirch.dk/,DKK,"Rue Birch is a Danish webshop and boutique offering curated design products including clothing, shoes, jewelry, beauty, and home goods.",fashion and lifestyle retail,yes,no,shopify; ga4:G-VZZMWH9Y68; gtm:GTM-5TKRBF7,high,"The website uses Shopify as indicated by multiple Shopify-specific cookies (_shopify_essential, _shopify_test, _shopify_s, _shopify_y, _shopify_analytics). The site has a full product catalog with categories and product pages, a shopping cart, and checkout functionality, confirming ecommerce business model. The primary currency is Danish Krone (DKK) as shown on product prices. Google Analytics cookies (_ga, _ga_#) are present but no explicit GA4 measurement ID or GTM container ID found in the scripts. Marketing and analytics cookies from Klaviyo, Facebook, Google Ads, and Microsoft are also used. The site targets consumers, not exclusively B2B.",https://ruebirch.dk/ | https://ruebirch.dk/products/aiayu-shirt-1407-lupine-okologisk-skjorte | https://ruebirch.dk/products/anonymous-copenhagen-praise-chocolate | https://ruebirch.dk/products/anonymous-copenhagen-praise-coral-ballerina-1 | https://ruebirch.dk/products/anonymous-copenhagen-praise-leopard-calf-hair-1,ok,,2026-06-17T09:07:50.279Z
8692pm7d6,Safeshoppen.dk,https://safeshoppen.dk,Schønberg Sikring ApS,ecommerce,Other,,,,safeshoppen.dk,,,GTM-56K3JKW8,https://safeshoppen.dk/,https://safeshoppen.dk/,DKK,"Schønberg Sikring ApS operates safeshoppen.dk, an online store offering a wide range of security products including safes, key cabinets, fireproof cabinets, and battery storage solutions for both private and business customers.",security products and safes,yes,no,dandomain; gtm:GTM-56K3JKW8,high,"The website safeshoppen.dk is an ecommerce store selling security safes and related products online with a visible shopping cart and checkout steps. The platform is a custom or less common ecommerce solution (not Shopify, WooCommerce, Magento, or DanDomain). The site targets both private consumers and businesses, offering professional advice and a broad product range. Prices are shown in Danish Krone (DKK) excluding VAT. No Google Analytics or Google Tag Manager IDs were found in the page scripts.",https://safeshoppen.dk/ | https://safeshoppen.dk/shop/batteriskabe-187c1.html | https://safeshoppen.dk/shop/blog-186c1.html | https://safeshoppen.dk/shop/brandsikre-batteriskabe-183s1.html | https://safeshoppen.dk/shop/elektroniske-noegleskabe-103s1.html,ok,,2026-06-17T09:08:09.243Z
8694y8bku,sandbysmeden.dk,https://sandbysmeden.dk,Sandby Smedie,ecommerce,WooCommerce,,https://sandbysmeden.dk/wp-json/wc/v3,,,,,,https://sandbysmeden.dk/,https://sandbysmeden.dk/,DKK,"Sandby Smedie is a Danish family-owned machine dealer with a physical store and webshop offering a wide range of garden, park, and agricultural machines, parts, and accessories, along with repair and service workshops.",industrial equipment and machinery retail,yes,no,woocommerce,high,"The website is built on WordPress with WooCommerce as the ecommerce platform, indicated by the product pages, cart, and checkout features. The business operates both a physical store and an online webshop selling products directly to consumers and businesses, making it primarily ecommerce with some B2B elements. Prices are in Danish Kroner (DKK). No Google Analytics 4 or Google Tag Manager IDs were found in the page scripts.",https://sandbysmeden.dk/ | https://www.sandbysmeden.dk/beklaedning/gummistoevler | https://www.sandbysmeden.dk/hegn-stald/isolator | https://www.sandbysmeden.dk/kurv | https://www.sandbysmeden.dk/,ok,,2026-06-17T09:08:25.396Z
4cm4nk5,Sandjensen.dk,https://sandjensen.dk,Sand Jensen Automobiler,ecommerce,Other,,,,,,,GTM-NM3N9SJ,https://sandjensen.dk/,https://sandjensen.dk/,DKK,"Sand Jensen Automobiler is a Danish automotive company specializing in the import, sale, leasing, and servicing of premium German car brands such as Mercedes, BMW, Audi, and Porsche, offering both vehicles and related services including leasing and workshop services.",automotive,yes,no,gtm:GTM-NM3N9SJ,high,"The website offers a large catalog of cars for sale with prices and financing options, indicating ecommerce functionality, but also provides leasing, workshop booking, and corporate services, making it a hybrid business model. The platform is custom-built (no clear Shopify, WooCommerce, Magento, or DanDomain indicators). Pricing is in Danish Krone (DKK). No visible Google Analytics 4 or Google Tag Manager IDs found in the provided content.",https://sandjensen.dk/ | https://sandjensen.dk/nyheder/markant-aendring-pris-paa-brugte-elbiler-vender | https://sandjensen.dk/nyheder | https://sandjensen.dk/autohaus-sand-jensen/historien-om-autohaus-sand-jensen | https://sandjensen.dk/nyheder/bmw-vinder-autoindex-2026-igen,ok,,2026-06-17T09:08:42.562Z
4cm4nda,Scandidact.dk,https://scandidact.dk,Scandidact ApS,ecommerce,Magento,,,https://scandidact.dk,,,G-C15PKE0TZW,GTM-K4LM9NPF,https://scandidact.dk/,https://scandidact.dk/,DKK,"Scandidact ApS is a Danish company providing scientific and educational equipment and supplies for laboratories, universities, and schools, selling products online.",scientific and educational equipment ecommerce,yes,no,magento; ga4:G-C15PKE0TZW; gtm:GTM-K4LM9NPF,high,"The website uses Magento as indicated by multiple Magento cookies and references. It operates multiple webshop sections (Naturfag, Sundhedsfag, Bioscience) with product catalogs, shopping cart, and checkout functionality, confirming ecommerce business model. Pricing is in Danish Krone (DKK). Google Analytics cookies (_ga, _gid) are present but no explicit GA4 or GTM IDs found in the provided data. The site targets both educational institutions and scientific research sectors, selling specialized lab and teaching equipment online.",https://scandidact.dk/ | https://scandidact.dk/bioscience | https://scandidact.dk/naturfag | https://scandidact.dk/sundhed | https://www.scandidact.dk/bioscience/laboratories/teaching-reference-products,ok,,2026-06-17T09:09:07.542Z
8693e1awu,Scocykler.dk,https://scocykler.dk,SCO Cykler,ecommerce,WooCommerce,,https://scocykler.dk/wp-json/wc/v3,,,,,GTM-NZ46ZLWF,https://scocykler.dk/,https://scocykler.dk/,DKK,"SCO Cykler is a Danish bicycle brand offering a wide range of bicycles including electric bikes, city bikes, and children's bikes, sold through their official webshop and dealers.",bicycles and outdoor sports equipment,yes,no,woocommerce; gtm:GTM-NZ46ZLWF,high,"The website features a product catalog with prices and product pages, indicating ecommerce functionality. The URL structure and page elements suggest a WooCommerce platform (common for WordPress shops). The site targets consumers with direct online sales and also supports dealer locations, indicating a hybrid retail and dealer model but primarily ecommerce. No explicit Google Analytics or GTM IDs were found in the provided content.",https://scocykler.dk/ | https://scocykler.dk/nyheder | https://scocykler.dk/cykler | https://scocykler.dk/forhandler | https://scocykler.dk/guides,ok,,2026-06-17T09:09:44.043Z
3212xv6,selandia-trailers.dk,https://selandia-trailers.dk,Selandia Import Silkeborg A/S,ecommerce,Other,,,,selandia-trailers.dk,,G-P76C8NK23C,GTM-MMKFTWS,https://selandia-trailers.dk/,https://selandia-trailers.dk/,DKK,"Selandia Import Silkeborg A/S sells a wide range of trailers and trailer accessories online and offers professional advice, financing, and delivery services across Denmark and neighboring countries.",Automotive - Trailer Sales and Accessories,yes,no,dandomain; ga4:G-P76C8NK23C; gtm:GTM-MMKFTWS; ua:UA-21038510-1,high,"The website features a large online product catalog with shopping cart and checkout functionality, indicating ecommerce. The platform is not clearly Shopify, WooCommerce, Magento, or DanDomain, so classified as Other. The site targets both private and business customers, offering financing and leasing options. No visible Google Analytics or GTM IDs found in the provided content.",https://selandia-trailers.dk/ | https://selandia-trailers.dk/shop/multistik-til-baglygter-232c1.html | https://selandia-trailers.dk/shop/news-ALL-1.html | https://selandia-trailers.dk/shop/ramper-og-slisker-19c1.html | https://selandia-trailers.dk/shop/13-polet-stik-156c1.html,ok,,2026-06-17T09:10:02.758Z
8693bakrr,severinkursuscenter.dk,https://severinkursuscenter.dk,Severin A/S,b2b,Other,,https://severinkursuscenter.dk/wp-json/wc/v3,,,,,GTM-KPJPTVW,https://severinkursuscenter.dk/,https://severinkursuscenter.dk/,DKK,"Severin A/S is a Danish conference center and hotel offering meeting, course, conference facilities, accommodation, and event services primarily to businesses and organizations.",hospitality and conference services,no,yes,woocommerce; gtm:GTM-KPJPTVW,high,"The website offers booking links to an external booking system (bookyourstay.eu) for accommodation, indicating no direct ecommerce platform like Shopify or WooCommerce is used on the main site. The business focuses on B2B services such as meetings, conferences, teambuilding, and corporate events rather than direct consumer product sales. No Google Analytics or GTM IDs were found in the provided content.",https://severinkursuscenter.dk/ | https://severinkursuscenter.dk/kursus-og-konference/teambuilding | https://severinkursuscenter.dk/overnatning-og-ophold/restaurant | https://severinkursuscenter.dk/overnatning-og-ophold/elevrestaurant | http://severinkursuscenter.dk/betingelser,ok,,2026-06-17T09:10:23.826Z
85ztg17gu,Sisicph.dk,https://sisicph.dk,Sisi Copenhagen,ecommerce,Shopify,https://sisicph.dk,,,,,G-MBV513CNNN,,https://sisicph.dk/,https://sisicph.dk/,DKK,"Sisi Copenhagen is a Danish jewelry company creating beautiful, timeless, and classic jewelry in genuine materials at fair prices, selling online and in their physical store.",fashion jewelry,yes,no,shopify; ga4:G-MBV513CNNN,high,"The website features a full online store with product pages, cart, and checkout. The URL structure and page elements indicate it is built on Shopify (e.g., /collections/, /products/, /cart, /checkout). The site targets consumers with direct online sales and also has a physical store in Copenhagen. Pricing is in Danish Krone (DKK). No explicit GA4 or GTM IDs were found in the provided content.",https://sisicph.dk/ | https://sisicph.dk/blogs/jobs | https://sisicph.dk/products/simple-link-golden-chain | https://sisicph.dk/blogs/blog/dimissionsgave-til-dimittender | https://sisicph.dk/products/adora-golden-bracelet,ok,,2026-06-17T09:10:40.409Z
869340k8v,slikposen.dk,https://slikposen.dk,Slikposen.dk,ecommerce,Other,,,,,,G-SEPARAT,GTM-T39RZS7N,https://slikposen.dk/,https://slikposen.dk/,DKK,Slikposen.dk is Denmark's largest online candy store offering a wide range of sweets and snacks for various occasions with competitive prices and multiple payment options.,food & beverage,yes,no,ga4:G-SEPARAT; gtm:GTM-T39RZS7N; ua:UA-142841125-1,high,"The website uses cookies including Google Analytics cookies (_ga, _gcl_au) and marketing cookies from Meta and Google. The presence of a cart, product listings with prices in DKK, and checkout functionality confirm ecommerce. The platform is not explicitly identified as Shopify, WooCommerce, Magento, or DanDomain; it likely uses a custom or other ecommerce platform. The site targets consumers primarily but also has a business section for wholesale candy (Erhverv).",https://slikposen.dk/ | https://slikposen.dk/newproducts | https://slikposen.dk/about-us | https://slikposen.dk/cavendish-harvey-confectionery-gmbh | https://slikposen.dk/news,ok,,2026-06-17T09:11:01.176Z
4cm4p4w,stifinder.com,https://stifinder.com,Stifinder A/S,b2b,Other,,https://stifinder.com/wp-json/wc/v3,,,,,GTM-MSCKXWC,https://stifinder.com/,https://stifinder.com/,DKK,"Stifinder A/S provides leadership development programs and training for leaders and specialists, focusing on personal and professional growth through intensive educational modules.",leadership development and education,no,yes,woocommerce; gtm:GTM-MSCKXWC,high,"The website is built on WordPress with Elementor, indicated by cookies and scripts. There is no visible ecommerce platform or online store functionality; the site offers program registrations and free materials but no direct product sales or checkout. The business model is primarily B2B, targeting corporate leaders and organizations. Google Analytics cookies (_ga) are present but no explicit GA4 or GTM IDs found in the source.",https://stifinder.com/ | https://stifinder.com/events | https://stifinder.com/gratis-materiale | https://stifinder.com/shop | https://stifinder.com/teamperformance,ok,,2026-06-17T09:11:34.772Z
8697grqd8,Synvital.dk,https://synvital.dk,Synvital,ecommerce,WooCommerce,,https://synvital.dk/wp-json/wc/v3,,,,,,https://synvital.dk/,https://synvital.dk/,DKK,,,,,woocommerce,high,,,ok,,2026-06-17T09:11:40.732Z
860pkhbnr,tattoo96.dk,https://tattoo96.dk,tattoo96,,Other,,,,,,,GTM-NVFBB7J,https://tattoo96.dk/,https://tattoo96.dk/,DKK,,,,,gtm:GTM-NVFBB7J,low,,,ok,,2026-06-17T09:11:45.591Z
30ykurr,totallaase.dk,https://totallaase.dk,totallaase,ecommerce,Magento,,,https://totallaase.dk,,,G-9L7B8VFW69,GTM-NF66SVF,https://totallaase.dk/,https://totallaase.dk/,DKK,,,,,magento; ga4:G-9L7B8VFW69; gtm:GTM-NF66SVF,high,,,ok,,2026-06-17T09:11:50.600Z
869d5p28b,trainsimple.dk,https://trainsimple.dk,trainsimple,ecommerce,Shopify,https://trainsimple.dk,,,,,G-UPSELL,,https://trainsimple.dk/,https://trainsimple.dk/,DKK,,,,,shopify; ga4:G-UPSELL,high,,,ok,,2026-06-17T09:11:55.973Z
8692kf26x,vesterhavsmost.dk,https://vesterhavsmost.dk,vesterhavsmost,ecommerce,Shopify,https://vesterhavsmost.dk,,,,,G-VQ9QMQ4EPZ,GTM-KK8NGHF,https://vesterhavsmost.dk/,https://vesterhavsmost.dk/,DKK,,,,,shopify; ga4:G-VQ9QMQ4EPZ; gtm:GTM-KK8NGHF,high,,,ok,,2026-06-17T09:12:00.517Z
86948m2fh,VIES.dk,https://vies.dk,,,,,,,,,,,,,,,,,,,,,,error,The key's credits have been completely depleted. Please upgrade your plan on your developer dashboard: https://context.dev or contact hello@context.dev.,2026-06-17T09:12:02.287Z
8693jqf3j,vih.dk,https://vih.dk,,,,,,,,,,,,,,,,,,,,,,error,The key's credits have been completely depleted. Please upgrade your plan on your developer dashboard: https://context.dev or contact hello@context.dev.,2026-06-17T09:12:03.845Z